0.009368796;0.214795783;0.07;7.03E+05
0;0.215000004;0.07;6.93E+05
0.018719794;0.214183494;0.07;7.13E+05
-0.009368796;0.214795783;0.07;6.84E+05
-0.018719794;0.214183494;0.07;6.75E+05
-0.127668098;0.172990903;0.07;5.75E+05
-0.100455649;0.19008857;0.07;6.00E+05
-0.081027269;0.199147135;0.07;6.17E+05
-0.050437011;0.20900026;0.07;6.45E+05
-0.152027965;0.152027965;0.07;5.50E+05
-0.20900026;0.050437011;0.07;4.55E+05
-0.199147135;0.081027269;0.07;4.82E+05
-0.19008857;0.100455649;0.07;5.00E+05
-0.172990903;0.127668098;0.07;5.25E+05
-0.214183494;0.018719794;0.07;4.25E+05
-0.214795783;0.009368796;0.07;4.16E+05
-0.215000004;0;0.07;4.06E+05
-0.214795783;-0.009368796;0.07;3.96E+05
-0.214183494;-0.018719794;0.07;3.86E+05
-0.172990903;-0.127668098;0.07;2.13E+05
-0.19008857;-0.100455649;0.07;2.68E+05
-0.199147135;-0.081027269;0.07;3.02E+05
-0.20900026;-0.050437011;0.07;3.48E+05
-0.152027965;-0.152027965;0.07;1.83E+05
-0.050437011;-0.20900026;0.07;3.47E+05
-0.081027269;-0.199147135;0.07;3.02E+05
-0.100455649;-0.19008857;0.07;2.68E+05
-0.127668098;-0.172990903;0.07;2.13E+05
-0.018719794;-0.214183494;0.07;3.86E+05
-0.009368796;-0.214795783;0.07;3.96E+05
0;-0.215000004;0.07;4.06E+05
0.009368796;-0.214795783;0.07;4.16E+05
0.018719794;-0.214183494;0.07;4.25E+05
0.127668098;-0.172990903;0.07;5.25E+05
0.100455649;-0.19008857;0.07;5.00E+05
0.081027269;-0.199147135;0.07;4.82E+05
0.050437011;-0.20900026;0.07;4.55E+05
0.152027965;-0.152027965;0.07;5.50E+05
0.20900026;-0.050437011;0.07;6.45E+05
0.199147135;-0.081027269;0.07;6.17E+05
0.19008857;-0.100455649;0.07;6.00E+05
0.172990903;-0.127668098;0.07;5.75E+05
0.214183494;-0.018719794;0.07;6.75E+05
0.214795783;-0.009368796;0.07;6.84E+05
0.215000004;0;0.07;6.93E+05
0.214795783;0.009368796;0.07;7.03E+05
0.214183494;0.018719794;0.07;7.13E+05
0.172990903;0.127668098;0.07;8.86E+05
0.19008857;0.100455649;0.07;8.32E+05
0.199147135;0.081027269;0.07;7.97E+05
0.20900026;0.050437011;0.07;7.52E+05
0.152027965;0.152027965;0.07;9.16E+05
0.050437011;0.20900026;0.07;7.52E+05
0.081027269;0.199147135;0.07;7.97E+05
0.100455649;0.19008857;0.07;8.32E+05
0.127668098;0.172990903;0.07;8.86E+05
0.1263033;0.1263033;0.07;1.00E+06
0.1285;0.120999999;0.07;1.00E+06
0.1263033;0.115696698;0.07;1.00E+06
0.120999999;0.113499999;0.07;1.00E+06
0.115696698;0.115696698;0.07;1.00E+06
0.113499999;0.120999999;0.07;1.00E+06
0.115696698;0.1263033;0.07;1.00E+06
0.120999999;0.1285;0.07;1.00E+06
-0.1263033;-0.1263033;0.07;1.00E+05
-0.1285;-0.120999999;0.07;1.00E+05
-0.1263033;-0.115696698;0.07;1.00E+05
-0.120999999;-0.113499999;0.07;1.00E+05
-0.115696698;-0.115696698;0.07;1.00E+05
-0.113499999;-0.120999999;0.07;1.00E+05
-0.115696698;-0.1263033;0.07;1.00E+05
-0.120999999;-0.1285;0.07;1.00E+05
0.128216773;0.099664666;0.07;8.94E+05
-0.054537974;0.186945662;0.07;6.36E+05
-0.036788777;0.191905841;0.07;6.54E+05
-0.009013612;0.19356522;0.07;6.82E+05
0.009326949;0.193401054;0.07;7.03E+05
0.038130343;0.191258773;0.07;7.40E+05
0.056952186;0.188752294;0.07;7.67E+05
-0.101226382;0.167638287;0.07;5.90E+05
-0.072416425;0.167926401;0.07;6.13E+05
-0.054528378;0.16520761;0.07;6.28E+05
-0.035096806;0.172896057;0.07;6.50E+05
-0.009296222;0.172480047;0.07;6.78E+05
0.008994965;0.171982661;0.07;7.00E+05
0.035493329;0.163311765;0.07;7.37E+05
0.061399739;0.163665906;0.07;7.80E+05
0.080379769;0.171284944;0.07;8.12E+05
0.101694576;0.171328977;0.07;8.50E+05
-0.124806099;0.151635677;0.07;5.66E+05
-0.100071326;0.147533655;0.07;5.81E+05
-0.076288708;0.147106677;0.07;6.00E+05
-0.056106366;0.142540008;0.07;6.16E+05
-0.037584759;0.142939374;0.07;6.35E+05
-0.008949567;0.150307536;0.07;6.71E+05
0.006987447;0.140709773;0.07;6.88E+05
0.032639187;0.15028064;0.07;7.30E+05
0.081535019;0.148928031;0.07;8.26E+05
0.098974519;0.147568733;0.07;8.70E+05
0.124096788;0.141813055;0.07;9.32E+05
-0.147734269;0.121316902;0.07;5.34E+05
-0.121076487;0.131774485;0.07;5.57E+05
-0.102810875;0.122524738;0.07;5.64E+05
-0.076811284;0.116062455;0.07;5.80E+05
-0.057800569;0.123438753;0.07;6.03E+05
-0.030831821;0.127024472;0.07;6.33E+05
-0.020233609;0.115152471;0.07;6.38E+05
0.033681721;0.123084716;0.07;7.20E+05
0.058349952;0.123488493;0.07;7.68E+05
0.075653799;0.124250732;0.07;8.10E+05
0.098562248;0.126847103;0.07;8.90E+05
0.140526056;0.122338772;0.07;9.34E+05
-0.16853027;0.098534614;0.07;5.07E+05
-0.141902193;0.097739913;0.07;5.20E+05
-0.12160553;0.099913575;0.07;5.34E+05
-0.100757837;0.102526784;0.07;5.51E+05
-0.088672392;0.100957528;0.07;5.59E+05
-0.053211659;0.100074656;0.07;5.91E+05
-0.009661654;0.103620827;0.07;6.43E+05
0.011224149;0.092851132;0.07;6.63E+05
0.034244217;0.108316742;0.07;7.11E+05
0.053393059;0.103173673;0.07;7.42E+05
0.074736588;0.098638125;0.07;7.82E+05
0.097166799;0.098533861;0.07;8.38E+05
0.149748459;0.099703915;0.07;8.69E+05
0.168201536;0.100907125;0.07;8.51E+05
-0.187053427;0.054316949;0.07;4.64E+05
-0.160213009;0.058655597;0.07;4.78E+05
-0.145336449;0.053542681;0.07;4.80E+05
-0.124481648;0.054152783;0.07;4.92E+05
-0.097449899;0.05844494;0.07;5.15E+05
-0.0753766;0.056902967;0.07;5.32E+05
-0.060116094;0.055959605;0.07;5.46E+05
-0.039303124;0.056509588;0.07;5.67E+05
-0.014647282;0.056280181;0.07;5.95E+05
0.011045783;0.058723301;0.07;6.29E+05
0.037041027;0.054144904;0.07;6.58E+05
0.058066018;0.048586007;0.07;6.79E+05
0.078961372;0.051713746;0.07;7.11E+05
0.106248736;0.059208497;0.07;7.56E+05
0.12900947;0.060436085;0.07;7.76E+05
0.141082659;0.051483695;0.07;7.61E+05
0.167715877;0.054736503;0.07;7.68E+05
0.189246476;0.055701692;0.07;7.65E+05
0.167845488;0.076868095;0.07;8.07E+05
0.149002671;0.075487375;0.07;8.12E+05
0.101651035;0.075687096;0.07;7.88E+05
0.076128937;0.069343768;0.07;7.36E+05
0.033693925;0.079780944;0.07;6.83E+05
-0.0083175;0.077501044;0.07;6.23E+05
-0.028065449;0.083615735;0.07;6.05E+05
-0.055518746;0.084930919;0.07;5.77E+05
-0.082361162;0.084550351;0.07;5.52E+05
-0.09859217;0.076978587;0.07;5.32E+05
-0.120449416;0.080037527;0.07;5.19E+05
-0.14885743;0.07730145;0.07;5.00E+05
-0.168710649;0.078201786;0.07;4.91E+05
-0.19212091;0.035987474;0.07;4.45E+05
-0.170133919;0.032869749;0.07;4.48E+05
-0.14886573;0.030693749;0.07;4.54E+05
-0.127713606;0.032971706;0.07;4.68E+05
-0.096384913;0.036705829;0.07;4.94E+05
-0.080497854;0.032283254;0.07;5.02E+05
-0.060216796;0.028145032;0.07;5.16E+05
-0.038350355;0.027131407;0.07;5.38E+05
-0.016764868;0.028321333;0.07;5.63E+05
0.013001831;0.037174478;0.07;6.08E+05
0.032416262;0.031915784;0.07;6.25E+05
0.052171674;0.030842483;0.07;6.47E+05
0.075000949;0.025895039;0.07;6.67E+05
0.110338978;0.029049173;0.07;7.04E+05
0.12517786;0.0387193;0.07;7.31E+05
0.142857417;0.034644887;0.07;7.31E+05
0.173636869;0.037152477;0.07;7.40E+05
0.192586258;0.037796728;0.07;7.39E+05
-0.195358932;0.008778542;0.07;4.17E+05
-0.170062706;0.013688711;0.07;4.27E+05
-0.141848728;0.012366598;0.07;4.36E+05
-0.12156485;0.010555886;0.07;4.45E+05
-0.102450036;0.010780025;0.07;4.58E+05
-0.079318672;0.010770514;0.07;4.78E+05
-0.055443618;0.010975085;0.07;5.01E+05
-0.029557413;0.012569265;0.07;5.31E+05
0.010998149;0.017578045;0.07;5.83E+05
0.030007009;0.011118649;0.07;5.97E+05
0.061194651;0.010284002;0.07;6.31E+05
0.073130019;0.008412365;0.07;6.40E+05
0.098513879;0.010149675;0.07;6.66E+05
0.151450902;0.006500804;0.07;6.92E+05
0.177159116;0.011451615;0.07;7.04E+05
0.195132479;0.010133893;0.07;7.04E+05
-0.193667665;-0.009621829;0.07;3.96E+05
-0.166994736;-0.010439286;0.07;3.98E+05
-0.143746898;-0.011083216;0.07;4.04E+05
-0.115511633;-0.010484159;0.07;4.20E+05
-0.103307687;-0.008668362;0.07;4.32E+05
-0.083801486;-0.009194269;0.07;4.48E+05
-0.04953317;-0.008396188;0.07;4.84E+05
-0.02658535;-0.005294142;0.07;5.13E+05
0.031391252;-0.016715357;0.07;5.66E+05
0.078522302;-0.005719407;0.07;6.27E+05
0.10321933;-0.018535731;0.07;6.32E+05
0.123818099;-0.015503183;0.07;6.50E+05
0.142968327;-0.007704838;0.07;6.70E+05
0.164902255;-0.011037787;0.07;6.74E+05
0.195053428;-0.007693378;0.07;6.84E+05
-0.191283807;-0.038345404;0.07;3.59E+05
-0.171222255;-0.035396557;0.07;3.62E+05
-0.150483027;-0.027065028;0.07;3.78E+05
-0.11967814;-0.030726353;0.07;3.86E+05
-0.098771431;-0.034207117;0.07;3.97E+05
-0.073731788;-0.028131645;0.07;4.31E+05
-0.05416134;-0.029323746;0.07;4.52E+05
-0.03864342;-0.036787767;0.07;4.61E+05
-0.005489039;-0.037228767;0.07;5.01E+05
0.012462199;-0.030970555;0.07;5.29E+05
0.034813911;-0.034001149;0.07;5.51E+05
0.054429352;-0.03675586;0.07;5.68E+05
0.100596152;-0.032698449;0.07;6.13E+05
0.122748673;-0.032664329;0.07;6.29E+05
0.145511746;-0.032586336;0.07;6.41E+05
0.168247029;-0.032258604;0.07;6.51E+05
0.19136022;-0.03528285;0.07;6.55E+05
-0.18852675;-0.056496598;0.07;3.33E+05
-0.16858229;-0.056000263;0.07;3.29E+05
-0.150540531;-0.055912606;0.07;3.28E+05
-0.127721906;-0.058466729;0.07;3.29E+05
-0.101222277;-0.054558791;0.07;3.58E+05
-0.07646396;-0.058073644;0.07;3.82E+05
-0.056427676;-0.050290424;0.07;4.20E+05
-0.032563727;-0.060172912;0.07;4.40E+05
-0.011196478;-0.06313917;0.07;4.66E+05
0.011678047;-0.058902968;0.07;4.98E+05
0.030444803;-0.061242461;0.07;5.18E+05
0.061268028;-0.056882501;0.07;5.54E+05
0.079300627;-0.058020894;0.07;5.69E+05
0.102306955;-0.051205512;0.07;5.95E+05
0.116620027;-0.059784077;0.07;5.97E+05
0.147897482;-0.062488321;0.07;6.12E+05
0.159395531;-0.058958262;0.07;6.21E+05
0.186777294;-0.054016944;0.07;6.36E+05
-0.150591418;-0.075345926;0.07;2.88E+05
-0.127788097;-0.075196937;0.07;2.89E+05
-0.101690851;-0.074533917;0.07;3.14E+05
-0.07792639;-0.075452909;0.07;3.50E+05
-0.033429459;-0.076177821;0.07;4.21E+05
-0.013506014;-0.083429471;0.07;4.42E+05
0.01266425;-0.078396641;0.07;4.81E+05
0.034846291;-0.079999209;0.07;5.05E+05
0.058730617;-0.084318332;0.07;5.26E+05
0.086290471;-0.085230991;0.07;5.51E+05
0.100959837;-0.079566799;0.07;5.67E+05
0.12565212;-0.075842015;0.07;5.88E+05
0.144977003;-0.084672384;0.07;5.91E+05
0.167749792;-0.077997848;0.07;6.08E+05
-0.099195749;-0.12330617;0.07;2.05E+05
-0.07931827;-0.120019242;0.07;2.81E+05
-0.049483147;-0.116379678;0.07;3.54E+05
-0.025230724;-0.127826199;0.07;3.90E+05
-0.016940938;-0.124450229;0.07;4.05E+05
0.03398861;-0.124658205;0.07;4.71E+05
0.051928598;-0.125513852;0.07;4.89E+05
0.101710707;-0.124358363;0.07;5.34E+05
0.149847329;-0.12334726;0.07;5.66E+05
0.167169094;-0.099460587;0.07;5.91E+05
0.145959809;-0.096259311;0.07;5.83E+05
0.126037791;-0.100839563;0.07;5.67E+05
0.105438858;-0.103651613;0.07;5.51E+05
0.080851264;-0.102675736;0.07;5.32E+05
0.060951434;-0.106352709;0.07;5.11E+05
0.034445044;-0.101025715;0.07;4.88E+05
0.007835197;-0.108871497;0.07;4.50E+05
-0.010620138;-0.10299249;0.07;4.29E+05
-0.027927661;-0.10321442;0.07;4.03E+05
-0.05339165;-0.101818971;0.07;3.59E+05
-0.075460695;-0.101152979;0.07;3.13E+05
-0.100026876;-0.096494973;0.07;2.59E+05
-0.125745699;-0.09843003;0.07;2.10E+05
-0.147291347;-0.09908209;0.07;2.29E+05
-0.169546738;-0.101735987;0.07;2.48E+05
-0.14557749;-0.12444362;0.07;1.78E+05
-0.123655923;-0.144203767;0.07;1.75E+05
-0.100831375;-0.148439184;0.07;2.26E+05
-0.075460367;-0.151089549;0.07;2.88E+05
-0.057587683;-0.148584366;0.07;3.25E+05
-0.03000748;-0.147125989;0.07;3.75E+05
-0.007367683;-0.149750873;0.07;4.07E+05
0.007668462;-0.159625679;0.07;4.23E+05
0.029174883;-0.14716132;0.07;4.54E+05
0.060983691;-0.140498459;0.07;4.90E+05
0.077754267;-0.144692004;0.07;5.02E+05
0.096532777;-0.144131467;0.07;5.18E+05
0.123250172;-0.149387807;0.07;5.34E+05
-0.101307109;-0.170866847;0.07;2.50E+05
-0.078651838;-0.172569975;0.07;2.91E+05
-0.066049151;-0.172561929;0.07;3.13E+05
-0.03422609;-0.166942284;0.07;3.64E+05
-0.016405614;-0.165880278;0.07;3.90E+05
0.010414618;-0.17694442;0.07;4.22E+05
0.034831114;-0.170079291;0.07;4.50E+05
0.05581601;-0.160782471;0.07;4.75E+05
0.077355847;-0.166112825;0.07;4.92E+05
0.099348985;-0.166434616;0.07;5.09E+05
-0.057543803;-0.187240019;0.07;3.31E+05
-0.035194036;-0.18966566;0.07;3.64E+05
-0.007282725;-0.195280448;0.07;3.99E+05
0.010212446;-0.195365474;0.07;4.18E+05
0.03759468;-0.191830024;0.07;4.47E+05
0.055492338;-0.187670007;0.07;4.65E+05
-0.144260019;0.159417838;0.07;5.58E+05
-0.136133328;0.166411296;0.07;5.66E+05
-0.118885405;0.179140344;0.07;5.83E+05
-0.109807059;0.184844285;0.07;5.91E+05
-0.090854421;0.194860145;0.07;6.09E+05
-0.070998617;0.202938899;0.07;6.26E+05
-0.060793404;0.206225991;0.07;6.36E+05
-0.039955195;0.211254776;0.07;6.54E+05
-0.029374016;0.212983966;0.07;6.64E+05
-0.212983966;0.029374016;0.07;4.35E+05
-0.211254776;0.039955195;0.07;4.45E+05
-0.206225991;0.060793404;0.07;4.64E+05
-0.202938899;0.070998617;0.07;4.73E+05
-0.194860145;0.090854421;0.07;4.91E+05
-0.184844285;0.109807059;0.07;5.08E+05
-0.179140344;0.118885405;0.07;5.17E+05
-0.166411296;0.136133328;0.07;5.33E+05
-0.159417838;0.144260019;0.07;5.42E+05
-0.159417838;-0.144260019;0.07;1.87E+05
-0.166411296;-0.136133328;0.07;1.98E+05
-0.179140344;-0.118885405;0.07;2.31E+05
-0.184844285;-0.109807059;0.07;2.49E+05
-0.194860145;-0.090854421;0.07;2.85E+05
-0.202938899;-0.070998617;0.07;3.18E+05
-0.206225991;-0.060793404;0.07;3.33E+05
-0.211254776;-0.039955195;0.07;3.61E+05
-0.212983966;-0.029374016;0.07;3.74E+05
-0.029374016;-0.212983966;0.07;3.74E+05
-0.039955195;-0.211254776;0.07;3.61E+05
-0.060793404;-0.206225991;0.07;3.33E+05
-0.070998617;-0.202938899;0.07;3.18E+05
-0.090854421;-0.194860145;0.07;2.85E+05
-0.109807059;-0.184844285;0.07;2.49E+05
-0.118885405;-0.179140344;0.07;2.31E+05
-0.136133328;-0.166411296;0.07;1.98E+05
-0.144260019;-0.159417838;0.07;1.87E+05
0.144260019;-0.159417838;0.07;5.41E+05
0.136133328;-0.166411296;0.07;5.33E+05
0.118885405;-0.179140344;0.07;5.17E+05
0.109807059;-0.184844285;0.07;5.08E+05
0.090854421;-0.194860145;0.07;4.91E+05
0.070998617;-0.202938899;0.07;4.73E+05
0.060793404;-0.206225991;0.07;4.64E+05
0.039955195;-0.211254776;0.07;4.45E+05
0.029374016;-0.212983966;0.07;4.35E+05
0.212983966;-0.029374016;0.07;6.64E+05
0.211254776;-0.039955195;0.07;6.54E+05
0.206225991;-0.060793404;0.07;6.35E+05
0.202938899;-0.070998617;0.07;6.26E+05
0.194860145;-0.090854421;0.07;6.09E+05
0.184844285;-0.109807059;0.07;5.91E+05
0.179140344;-0.118885405;0.07;5.83E+05
0.166411296;-0.136133328;0.07;5.66E+05
0.159417838;-0.144260019;0.07;5.58E+05
0.159417838;0.144260019;0.07;9.13E+05
0.166411296;0.136133328;0.07;9.02E+05
0.179140344;0.118885405;0.07;8.69E+05
0.184844285;0.109807059;0.07;8.50E+05
0.194860145;0.090854421;0.07;8.14E+05
0.202938899;0.070998617;0.07;7.81E+05
0.206225991;0.060793404;0.07;7.66E+05
0.211254776;0.039955195;0.07;7.38E+05
0.212983966;0.029374016;0.07;7.26E+05
0.029374016;0.212983966;0.07;7.26E+05
0.039955195;0.211254776;0.07;7.39E+05
0.060793404;0.206225991;0.07;7.66E+05
0.070998617;0.202938899;0.07;7.81E+05
0.090854421;0.194860145;0.07;8.14E+05
0.109807059;0.184844285;0.07;8.50E+05
0.118885405;0.179140344;0.07;8.69E+05
0.136133328;0.166411296;0.07;9.02E+05
0.144260019;0.159417838;0.07;9.12E+05
0.112720504;0.135390207;0.07;9.36E+05
-0.115091644;-0.133535445;0.07;1.47E+05
0.106427595;0.127067044;0.07;9.30E+05
0.12963447;0.10838934;0.07;9.37E+05
-0.105496421;-0.12691389;0.07;1.75E+05
-0.12654011;-0.106219202;0.07;1.70E+05
-0.135036245;-0.127294466;0.07;1.45E+05
0.133606598;0.126837611;0.07;9.60E+05
0.114384271;0.106934041;0.07;9.25E+05
0.106833242;0.114614755;0.07;9.24E+05
-0.10591004;-0.112221286;0.07;1.89E+05
-0.114315763;-0.10672196;0.07;1.77E+05
-0.135193899;-0.112493828;0.07;1.64E+05
0.132497728;0.11562147;0.07;9.59E+05
0.127413735;0.134188011;0.07;9.58E+05
-0.128058076;-0.134375811;0.07;1.45E+05
0.018800559;0.203564346;0.07;7.14E+05
0.009365332;0.203965485;0.07;7.04E+05
9.15E-05;0.204134092;0.07;6.93E+05
-0.009163965;0.204030111;0.07;6.83E+05
-0.048101038;-0.197948977;0.07;3.47E+05
-0.018535079;0.203680843;0.07;6.74E+05
-0.087019399;-0.187039599;0.07;2.86E+05
-0.130362377;-0.159968436;0.07;1.97E+05
-0.137909949;-0.119954497;0.07;1.58E+05
-0.133464396;-0.104708299;0.07;1.88E+05
-0.138111457;0.152372807;0.07;5.58E+05
-0.096383385;0.180892944;0.07;5.99E+05
-0.0675072;0.192061469;0.07;6.26E+05
-0.16428484;0.120752349;0.07;5.25E+05
-0.186137095;0.086092651;0.07;4.90E+05
-0.20456785;0.018262599;0.07;4.25E+05
-0.204855889;0.008922953;0.07;4.16E+05
-0.204681233;-0.000341931;0.07;4.06E+05
-0.204252988;-0.009583002;0.07;3.96E+05
-0.199292898;0.047833853;0.07;4.55E+05
-0.20376493;-0.01900759;0.07;3.85E+05
-0.190248534;-0.077566475;0.07;3.02E+05
-0.181753352;-0.096387401;0.07;2.67E+05
-0.165336013;-0.122919001;0.07;2.11E+05
-0.153473154;-0.13931267;0.07;1.85E+05
-0.146575898;-0.146611154;0.07;1.81E+05
-0.133405387;-0.132805035;0.07;1.49E+05
-0.122285344;-0.166713133;0.07;2.13E+05
-0.017702861;-0.204079926;0.07;3.86E+05
-0.008414028;-0.204829916;0.07;3.97E+05
0.000723794;-0.205105677;0.07;4.07E+05
0.00984935;-0.204915181;0.07;4.17E+05
0.01913904;-0.204320207;0.07;4.26E+05
0.087045692;0.186929226;0.07;8.14E+05
0.096396081;0.182612777;0.07;8.32E+05
0.076893918;-0.189412579;0.07;4.82E+05
0.105094492;0.134052411;0.07;9.12E+05
0.145164937;0.146567002;0.07;9.19E+05
0.133815572;0.13297148;0.07;9.49E+05
0.123595774;0.165899351;0.07;8.88E+05
0.095507376;-0.180574924;0.07;5.00E+05
0.181169704;0.095656574;0.07;8.31E+05
0.153413922;0.139489278;0.07;9.15E+05
0.164348722;-0.121606372;0.07;5.74E+05
0.185550138;-0.08614859;0.07;6.09E+05
0.180939436;-0.095514998;0.07;6.00E+05
0.189608976;-0.076577529;0.07;6.18E+05
0.199090794;-0.047561143;0.07;6.45E+05
0.204249993;-0.017893767;0.07;6.74E+05
0.204763174;-0.008583413;0.07;6.84E+05
0.204937503;0.000571684;0.07;6.94E+05
0.204765275;0.009760848;0.07;7.04E+05
0.204273164;0.019064156;0.07;7.15E+05
0.189960256;0.076872446;0.07;7.96E+05
0.048844263;0.199626833;0.07;7.53E+05
0.171307594;0.11418847;0.07;8.70E+05
0.135020167;0.120147921;0.07;9.55E+05
-0.096165426;-0.182483971;0.07;2.68E+05
-0.114100188;0.170854315;0.07;5.82E+05
0.131975874;0.162258938;0.07;9.01E+05
-0.157869339;0.128814772;0.07;5.33E+05
0.165874839;0.122962914;0.07;8.88E+05
-0.189956307;0.07666596;0.07;4.82E+05
-0.18165952;0.095294021;0.07;4.99E+05
0.193961829;0.067597091;0.07;7.81E+05
-0.194040045;-0.068156868;0.07;3.18E+05
-0.109279513;-0.132228866;0.07;1.67E+05
0.158303574;-0.129661828;0.07;5.66E+05
-0.17138201;-0.114395842;0.07;2.30E+05
0.137413353;-0.151480705;0.07;5.42E+05
0.12162558;-0.164148048;0.07;5.25E+05
0.1132278;-0.170024887;0.07;5.17E+05
0.067593947;-0.193285376;0.07;4.73E+05
-0.145355254;0.145243183;0.07;5.50E+05
-0.130426317;0.15898262;0.07;5.66E+05
-0.122424603;0.165145263;0.07;5.74E+05
-0.105402835;0.176153004;0.07;5.91E+05
-0.086982384;0.18504627;0.07;6.08E+05
-0.07723932;0.18865788;0.07;6.17E+05
-0.03829889;0.201471224;0.07;6.54E+05
-0.028398423;0.202890247;0.07;6.64E+05
-0.203511328;0.028170656;0.07;4.35E+05
-0.201646239;0.038111627;0.07;4.45E+05
-0.176448479;0.104156353;0.07;5.08E+05
-0.170621008;0.112583786;0.07;5.16E+05
-0.151994884;0.137230977;0.07;5.41E+05
-0.159649238;-0.13144359;0.07;1.96E+05
-0.176944003;-0.105580822;0.07;2.49E+05
-0.186123207;-0.087006688;0.07;2.85E+05
-0.201376185;-0.039067552;0.07;3.60E+05
-0.202825382;-0.029060748;0.07;3.73E+05
-0.027639248;-0.202538669;0.07;3.74E+05
-0.037860159;-0.200265512;0.07;3.61E+05
-0.077839486;-0.191268697;0.07;3.02E+05
-0.105266809;-0.177885875;0.07;2.50E+05
-0.114065468;-0.172781616;0.07;2.31E+05
-0.138781607;-0.153437316;0.07;1.85E+05
0.144858956;-0.144692674;0.07;5.50E+05
0.129668057;-0.157952592;0.07;5.34E+05
0.104500711;-0.175509274;0.07;5.08E+05
0.086248331;-0.185176313;0.07;4.91E+05
0.038768165;-0.201632053;0.07;4.46E+05
0.02895575;-0.203236386;0.07;4.36E+05
0.203118265;-0.027736198;0.07;6.64E+05
0.201305389;-0.03771003;0.07;6.55E+05
0.175807789;-0.10455922;0.07;5.91E+05
0.170235202;-0.113238327;0.07;5.83E+05
0.151945412;-0.13740249;0.07;5.58E+05
0.160196573;0.131686613;0.07;9.04E+05
0.176423907;0.105053134;0.07;8.51E+05
0.185693562;0.086242631;0.07;8.13E+05
0.201941222;0.038767546;0.07;7.39E+05
0.203365505;0.028893761;0.07;7.26E+05
0.028790996;0.202679813;0.07;7.26E+05
0.038886946;0.201318517;0.07;7.39E+05
0.077719376;0.191001579;0.07;7.97E+05
0.10554523;0.177754387;0.07;8.50E+05
0.114593998;0.171977162;0.07;8.70E+05
0.13470082;0.154490396;0.07;9.12E+05
0.135933265;0.110669315;0.07;9.28E+05
0.106333591;0.107373416;0.07;8.97E+05
-0.106683604;-0.105412729;0.07;2.09E+05
0.119936675;0.137221724;0.07;9.45E+05
-0.122387744;-0.136538208;0.07;1.51E+05
-0.113696046;-0.099118702;0.07;2.18E+05
-0.098147698;-0.109516822;0.07;2.31E+05
0.112967767;0.099778518;0.07;8.83E+05
0.099162146;0.11441271;0.07;8.83E+05
-0.099997267;-0.130764917;0.07;2.06E+05
-0.115825586;-0.138905883;0.07;1.67E+05
0.109219529;0.143297434;0.07;9.03E+05
0.140273556;0.114319883;0.07;9.24E+05
0.139105409;0.127448127;0.07;9.40E+05
-0.142735377;-0.108719401;0.07;1.96E+05
0.12947984;0.140283704;0.07;9.35E+05
-0.14171344;-0.130719393;0.07;1.68E+05
-0.13075389;-0.141256079;0.07;1.66E+05
-0.162603259;0.106112339;0.07;5.15E+05
-0.109811552;-0.166879743;0.07;2.32E+05
0.110542394;0.165707812;0.07;8.70E+05
0.161549404;-0.107668713;0.07;5.82E+05
0.001443648;-0.195575237;0.07;4.09E+05
0.000122749;0.193529174;0.07;6.93E+05
0.195273727;0.001224812;0.07;6.94E+05
-0.194553182;-0.000312337;0.07;4.07E+05
-0.016179135;-0.194307804;0.07;3.88E+05
0.019164203;-0.194658935;0.07;4.28E+05
0.018648487;0.193029121;0.07;7.15E+05
0.194453478;-0.016636651;0.07;6.74E+05
0.194677755;0.019213989;0.07;7.15E+05
-0.19547379;0.017717749;0.07;4.26E+05
-0.018219398;0.193390548;0.07;6.72E+05
-0.193547085;-0.019070528;0.07;3.85E+05
-0.141590804;-0.141510472;0.07;1.75E+05
0.137971893;-0.137418404;0.07;5.50E+05
0.140211046;0.140551567;0.07;9.27E+05
-0.138838708;0.139309153;0.07;5.50E+05
-0.173531562;0.090448082;0.07;4.99E+05
-0.092623159;0.171877921;0.07;5.98E+05
-0.164435208;-0.110030666;0.07;2.29E+05
0.17217961;-0.090864793;0.07;6.00E+05
-0.177372843;0.081722669;0.07;4.90E+05
0.180018172;-0.072196081;0.07;6.18E+05
-0.157222211;-0.118288547;0.07;2.06E+05
-0.181543916;-0.074027851;0.07;3.03E+05
-0.074011065;0.178136423;0.07;6.16E+05
-0.173746735;-0.092834875;0.07;2.67E+05
-0.177429244;-0.083365277;0.07;2.86E+05
-0.116892777;-0.161042035;0.07;2.14E+05
0.163614273;0.109961145;0.07;8.72E+05
0.107646488;-0.16109775;0.07;5.17E+05
-0.155809119;0.11354994;0.07;5.24E+05
0.155555084;-0.115626968;0.07;5.74E+05
-0.180437714;0.072455853;0.07;4.82E+05
0.090663493;-0.17125687;0.07;5.00E+05
0.092786349;0.175447121;0.07;8.31E+05
0.172299951;0.091108866;0.07;8.31E+05
-0.083147205;-0.179440603;0.07;2.87E+05
0.083427616;0.179117858;0.07;8.13E+05
0.081653617;-0.175588056;0.07;4.91E+05
0.176651999;0.081593752;0.07;8.11E+05
0.180956066;0.072350793;0.07;7.94E+05
0.074243747;0.182872906;0.07;7.96E+05
0.072437875;-0.179559231;0.07;4.82E+05
0.120572031;0.157515123;0.07;8.96E+05
0.11558795;-0.155370489;0.07;5.26E+05
0.158405155;0.118771844;0.07;8.92E+05
-0.074840151;-0.183963925;0.07;3.03E+05
-0.109409571;0.162765235;0.07;5.82E+05
0.176418841;-0.081728056;0.07;6.09E+05
-0.083614841;0.175368577;0.07;6.07E+05
-0.092074171;-0.174586803;0.07;2.69E+05
-0.134152621;-0.147600457;0.07;1.79E+05
0.130654663;-0.14339143;0.07;5.42E+05
0.131898582;0.146592736;0.07;9.22E+05
0.148735315;0.135023937;0.07;9.19E+05
-0.147661418;-0.134853944;0.07;1.79E+05
-0.132077023;0.145663619;0.07;5.58E+05
-0.025458107;-0.192491457;0.07;3.76E+05
-0.19448112;0.026867289;0.07;4.36E+05
0.028305808;0.192314982;0.07;7.27E+05
0.193262637;-0.025817478;0.07;6.65E+05
-0.19277288;-0.028789479;0.07;3.72E+05
-0.027577587;0.192907289;0.07;6.63E+05
0.0284427;-0.193435431;0.07;4.37E+05
0.193836182;0.028547637;0.07;7.27E+05
-0.092756525;-0.129120052;0.07;2.34E+05
-0.103893928;-0.117461041;0.07;1.87E+05
-0.100839846;-0.135084495;0.07;2.08E+05
-0.120448478;-0.106326006;0.07;1.67E+05
0.106422693;0.120904438;0.07;9.33E+05
0.122337103;0.105239771;0.07;9.26E+05
-0.108825736;-0.140089899;0.07;1.89E+05
-0.140539572;-0.101963416;0.07;2.11E+05
0.102466375;0.141049862;0.07;8.89E+05
0.141334713;0.103900395;0.07;8.93E+05
0.115724638;0.145798281;0.07;9.11E+05
-0.116482332;-0.145546615;0.07;1.86E+05
0.123977274;-0.134717569;0.07;5.43E+05
-0.12632148;0.138895318;0.07;5.58E+05
0.09896268;0.120701805;0.07;8.90E+05
-0.096790239;-0.114826873;0.07;2.26E+05
-0.101154752;-0.141238615;0.07;2.15E+05
-0.088419095;-0.123651877;0.07;2.50E+05
-0.119733982;-0.09881527;0.07;2.11E+05
0.119279131;0.097713888;0.07;8.83E+05
-0.132144198;-0.097099334;0.07;2.18E+05
-0.149341151;-0.105224282;0.07;2.17E+05
0.097452521;0.133027539;0.07;8.82E+05
0.105143286;0.150371566;0.07;8.81E+05
0.133597717;0.102525018;0.07;9.01E+05
0.146173105;0.109513894;0.07;8.98E+05
-0.092726998;-0.135819331;0.07;2.36E+05
0.184688866;0.028308211;0.07;7.27E+05
0.027833752;0.182078198;0.07;7.26E+05
-0.183283612;-0.028385282;0.07;3.72E+05
-0.031200307;-0.179985851;0.07;3.68E+05
0.18367517;-0.02356546;0.07;6.65E+05
0.027717492;-0.183767602;0.07;4.39E+05
-0.186549798;0.025331693;0.07;4.36E+05
-0.027044319;0.183172032;0.07;6.61E+05
0.155126676;0.105944447;0.07;8.76E+05
-0.109882161;-0.155676797;0.07;2.17E+05
0.105658159;0.160699055;0.07;8.68E+05
-0.158842906;-0.105542116;0.07;2.30E+05
-0.162710205;-0.098442532;0.07;2.47E+05
0.100261025;0.15649572;0.07;8.62E+05
-0.106524691;-0.16225192;0.07;2.32E+05
0.159036845;-0.094544642;0.07;5.91E+05
-0.09723983;0.159490108;0.07;5.89E+05
-0.155209407;0.099249221;0.07;5.14E+05
0.09426479;-0.157590523;0.07;5.09E+05
-0.117231525;0.157417119;0.07;5.74E+05
0.102067806;-0.15241088;0.07;5.18E+05
-0.1485385;0.105529159;0.07;5.22E+05
0.153358415;-0.102090396;0.07;5.82E+05
0.131886795;-0.129718229;0.07;5.51E+05
-0.132967755;0.133655235;0.07;5.50E+05
-0.145789579;-0.114414074;0.07;1.91E+05
0.143932596;0.117823489;0.07;9.20E+05
-0.092729285;-0.148555681;0.07;2.46E+05
0.132421419;0.095154613;0.07;8.73E+05
-0.090712555;-0.1132572;0.07;2.52E+05
-0.152913406;-0.110904373;0.07;2.11E+05
0.148867413;0.114852756;0.07;9.04E+05
-0.083191179;-0.131409734;0.07;2.65E+05
0.095643029;0.139186069;0.07;8.71E+05
-0.017978052;0.183316708;0.07;6.71E+05
0.01880198;-0.185350195;0.07;4.29E+05
-0.184095621;-0.019396523;0.07;3.84E+05
0.185673535;0.019312467;0.07;7.15E+05
0.090874344;0.126256153;0.07;8.59E+05
-0.124814652;-0.090929359;0.07;2.41E+05
0.129376635;0.093018815;0.07;8.67E+05
-0.091001101;-0.107759684;0.07;2.60E+05
-0.113098614;-0.091832444;0.07;2.48E+05
0.09206745;0.114467666;0.07;8.54E+05
0.111154854;0.093435034;0.07;8.54E+05
0.109484687;-0.146722198;0.07;5.26E+05
-0.14116843;0.111075722;0.07;5.30E+05
0.1469087;-0.109525472;0.07;5.73E+05
0.140323892;0.096180849;0.07;8.71E+05
-0.138847098;-0.09467084;0.07;2.32E+05
-0.108910464;-0.147547156;0.07;2.05E+05
-0.098999254;-0.163658485;0.07;2.47E+05
0.095915459;0.161159545;0.07;8.49E+05
-0.104787312;0.154961586;0.07;5.81E+05
0.18343018;0.037292447;0.07;7.39E+05
0.037682004;0.180982098;0.07;7.40E+05
-0.181298077;-0.03738986;0.07;3.60E+05
-0.0396121;-0.175416052;0.07;3.56E+05
0.12994653;0.088820376;0.07;8.52E+05
0.154536992;0.128172845;0.07;9.08E+05
-0.085731477;-0.118782856;0.07;2.62E+05
-0.118969552;-0.091119379;0.07;2.44E+05
-0.130827412;-0.090123303;0.07;2.43E+05
0.091563761;0.120305292;0.07;8.59E+05
0.089841157;0.132136658;0.07;8.55E+05
0.117246822;0.090353139;0.07;8.51E+05
-0.152855068;-0.127564222;0.07;1.89E+05
-0.099936739;-0.155988514;0.07;2.37E+05
0.093234949;0.145005673;0.07;8.58E+05
-0.145454541;-0.092285872;0.07;2.44E+05
0.186019689;0.010665171;0.07;7.04E+05
-0.181808591;-0.009438669;0.07;3.97E+05
0.010353141;-0.186104253;0.07;4.20E+05
-0.008979771;0.183130905;0.07;6.81E+05
0.089642286;0.150336877;0.07;8.45E+05
-0.084013112;-0.107416056;0.07;2.81E+05
-0.112025559;0.149843931;0.07;5.73E+05
0.089953207;0.168426439;0.07;8.31E+05
-0.087915003;-0.16560781;0.07;2.70E+05
0.177368417;0.019463716;0.07;7.15E+05
-0.177074239;-0.020616911;0.07;3.83E+05
0.018103587;-0.176778138;0.07;4.30E+05
-0.01816152;0.173661098;0.07;6.68E+05
-0.083156467;-0.137991741;0.07;2.66E+05
-0.117167443;-0.151239693;0.07;1.97E+05
0.147013932;0.093000516;0.07;8.55E+05
0.139600039;-0.102681801;0.07;5.74E+05
-0.134895638;0.103077091;0.07;5.28E+05
0.103188299;-0.138426617;0.07;5.26E+05
0.181625187;-0.032353781;0.07;6.55E+05
0.036461346;-0.181621268;0.07;4.48E+05
-0.183232978;0.033058919;0.07;4.45E+05
-0.035680719;0.182480082;0.07;6.52E+05
0.176772028;0.02783883;0.07;7.26E+05
0.191413209;0.046884041;0.07;7.52E+05
0.111866362;0.153654203;0.07;8.89E+05
0.027342266;0.172291249;0.07;7.25E+05
0.047733806;0.189976871;0.07;7.53E+05
-0.189720288;-0.047690649;0.07;3.46E+05
-0.026991336;-0.171103939;0.07;3.75E+05
-0.04651691;-0.185247838;0.07;3.47E+05
-0.124504283;-0.153322533;0.07;1.93E+05
-0.076210678;-0.131652638;0.07;2.85E+05
-0.129613385;-0.084718049;0.07;2.61E+05
-0.090814501;-0.15608795;0.07;2.57E+05
-0.124779619;-0.083317705;0.07;2.67E+05
0.12410792;0.084823631;0.07;8.37E+05
0.08322297;0.125353739;0.07;8.33E+05
0.088589072;0.13792105;0.07;8.50E+05
-0.084678881;-0.113394693;0.07;2.71E+05
-0.091183379;-0.100803658;0.07;2.73E+05
-0.137118593;-0.087302454;0.07;2.53E+05
0.078777395;0.16382727;0.07;8.13E+05
-0.078939937;-0.160908207;0.07;2.85E+05
0.136893287;0.089480065;0.07;8.52E+05
-0.022783062;-0.162948012;0.07;3.82E+05
0.170771867;0.026409114;0.07;7.24E+05
0.027488342;0.163695678;0.07;7.25E+05
0.185916215;0.002093705;0.07;6.94E+05
-0.18472971;0.000680012;0.07;4.09E+05
0.002131403;-0.186320022;0.07;4.10E+05
-0.112474538;-0.08562246;0.07;2.70E+05
0.086336821;0.109409086;0.07;8.28E+05
0.086336419;0.147500619;0.07;8.38E+05
0.11298205;0.084618799;0.07;8.27E+05
-0.174685329;-0.026947124;0.07;3.75E+05
0.026245751;-0.175190493;0.07;4.40E+05
-0.026890623;0.174212828;0.07;6.59E+05
0.01814246;0.171899825;0.07;7.13E+05
-0.019616332;-0.174120888;0.07;3.85E+05
-0.100578345;0.135137349;0.07;5.73E+05
0.183118194;0.046040367;0.07;7.52E+05
0.047405955;0.179737508;0.07;7.55E+05
-0.178476915;-0.047776356;0.07;3.44E+05
-0.053433847;-0.174964771;0.07;3.35E+05
0.174280778;-0.028643971;0.07;6.57E+05
0.188800484;-0.044519331;0.07;6.45E+05
0.046553135;-0.190132976;0.07;4.56E+05
-0.18928504;0.045001887;0.07;4.54E+05
-0.176481187;0.027826738;0.07;4.41E+05
-0.04570026;0.190214962;0.07;6.45E+05
0.163899064;-0.08662539;0.07;5.99E+05
-0.161070302;0.09291365;0.07;5.06E+05
0.139322951;-0.117514811;0.07;5.64E+05
0.139212519;-0.090152666;0.07;5.84E+05
-0.133712962;-0.080819428;0.07;2.72E+05
0.082275197;0.131379575;0.07;8.32E+05
0.080968946;0.143280759;0.07;8.27E+05
0.119705468;0.085451141;0.07;8.37E+05
0.129606918;0.083733134;0.07;8.36E+05
0.144432247;0.086197943;0.07;8.39E+05
-0.102033406;-0.091559939;0.07;2.69E+05
-0.117759012;-0.082367413;0.07;2.74E+05
0.08520817;0.113825768;0.07;8.30E+05
-0.083223328;-0.100303218;0.07;2.95E+05
-0.10716778;-0.091357298;0.07;2.59E+05
0.091558129;0.108099975;0.07;8.43E+05
0.102177136;0.09208189;0.07;8.33E+05
-0.077308506;-0.108078554;0.07;2.99E+05
-0.166448787;-0.022919463;0.07;3.81E+05
-0.165327579;0.024495198;0.07;4.41E+05
0.162284166;-0.0210145;0.07;6.61E+05
0.151621923;-0.08972235;0.07;5.91E+05
-0.148258254;0.091942675;0.07;5.12E+05
0.088512026;0.160459563;0.07;8.34E+05
-0.144935295;-0.083264619;0.07;2.68E+05
0.069800623;0.165282354;0.07;7.95E+05
-0.072730295;-0.167166546;0.07;2.99E+05
0.166263521;0.030965101;0.07;7.30E+05
0.034080051;0.156620532;0.07;7.34E+05
-0.029279759;-0.159007385;0.07;3.73E+05
0.176028475;-0.005006801;0.07;6.84E+05
-0.175937772;0.00345649;0.07;4.14E+05
-0.004724588;-0.17703563;0.07;4.04E+05
3.04E-05;0.182923466;0.07;6.91E+05
-0.078692451;-0.114227042;0.07;2.88E+05
0.183167785;0.053209171;0.07;7.63E+05
-0.181309715;-0.055213269;0.07;3.33E+05
0.056487307;0.179766312;0.07;7.69E+05
-0.060433582;-0.178878769;0.07;3.24E+05
-0.098923177;-0.102981515;0.07;2.44E+05
-0.180847242;0.023774823;0.07;4.36E+05
0.176561326;-0.041466788;0.07;6.45E+05
0.045099441;-0.180482969;0.07;4.57E+05
-0.17749621;0.041825146;0.07;4.55E+05
-0.043790486;0.181662947;0.07;6.44E+05
-0.136915088;0.122990787;0.07;5.41E+05
-0.135528907;0.090736948;0.07;5.18E+05
-0.166157752;-0.090255514;0.07;2.66E+05
-0.185420185;-0.0652349;0.07;3.19E+05
0.066009365;0.186756387;0.07;7.81E+05
0.091030605;-0.136631683;0.07;5.18E+05
0.116717413;-0.140674651;0.07;5.35E+05
0.185301274;0.063636765;0.07;7.78E+05
-0.066534437;-0.18703495;0.07;3.18E+05
-0.113684259;0.137061924;0.07;5.65E+05
-0.094289653;0.140740082;0.07;5.81E+05
0.144764751;-0.130943149;0.07;5.58E+05
0.160668656;0.097585231;0.07;8.52E+05
0.13253203;-0.108591884;0.07;5.66E+05
-0.107095391;-0.098392345;0.07;2.35E+05
-0.070901744;-0.109680735;0.07;3.13E+05
0.105749615;0.100495152;0.07;8.69E+05
0.073769443;0.143875048;0.07;8.09E+05
0.118883431;-0.105724938;0.07;5.59E+05
0.076649308;0.11776001;0.07;8.09E+05
-0.120245442;-0.074653201;0.07;2.94E+05
-0.106281005;-0.082760945;0.07;2.87E+05
0.116255529;0.07623408;0.07;8.06E+05
-0.082049526;-0.092275664;0.07;3.12E+05
0.082044415;0.10518866;0.07;8.09E+05
0.104380473;0.082171045;0.07;8.08E+05
0.154022008;0.089599304;0.07;8.41E+05
0.135603309;0.082232453;0.07;8.31E+05
0.091777839;0.090301625;0.07;8.05E+05
-0.152789265;-0.085530333;0.07;2.66E+05
-0.070468567;-0.119810984;0.07;3.06E+05
-0.139665589;-0.076246642;0.07;2.84E+05
0.110329121;0.078843072;0.07;8.07E+05
0.069779858;0.158379957;0.07;7.97E+05
0.069329791;0.174108073;0.07;7.91E+05
-0.159453839;-0.03235497;0.07;3.68E+05
-0.072024748;-0.157060668;0.07;2.97E+05
0.161409378;0.023394454;0.07;7.18E+05
0.165940493;0.042842664;0.07;7.48E+05
0.17689006;0.003355442;0.07;6.94E+05
0.025611717;0.153902143;0.07;7.20E+05
0.042631652;0.160223261;0.07;7.48E+05
-0.172657743;-0.004000315;0.07;4.05E+05
-0.018433118;-0.155575782;0.07;3.90E+05
-0.041524995;-0.161454588;0.07;3.53E+05
0.002762991;-0.177296713;0.07;4.13E+05
0.153864846;-0.027395794;0.07;6.51E+05
-0.157473519;0.027786726;0.07;4.48E+05
0.197468176;0.058280475;0.07;7.66E+05
-0.197232246;-0.058560908;0.07;3.33E+05
0.156332389;-0.082798347;0.07;5.99E+05
-0.154319152;0.086455561;0.07;5.05E+05
0.098497115;0.107106186;0.07;8.65E+05
-0.173301935;-0.070168555;0.07;3.06E+05
0.068406217;0.194658831;0.07;7.82E+05
0.178164154;-0.0510718;0.07;6.36E+05
0.172239006;0.067512326;0.07;7.89E+05
0.052516874;-0.180347905;0.07;4.64E+05
-0.06833297;-0.194611549;0.07;3.18E+05
-0.17872642;0.051343516;0.07;4.64E+05
-0.050527878;0.181017965;0.07;6.37E+05
-0.144486845;0.131780222;0.07;5.42E+05
0.08932066;-0.149124563;0.07;5.10E+05
-0.094400756;0.128147706;0.07;5.74E+05
0.109849147;-0.132104486;0.07;5.35E+05
-0.124239959;0.119752333;0.07;5.47E+05
-0.119216986;0.144426882;0.07;5.65E+05
0.183119342;-0.062902227;0.07;6.27E+05
-0.062874459;0.180040732;0.07;6.26E+05
0.063615993;-0.183488101;0.07;4.73E+05
-0.183390379;0.063147478;0.07;4.73E+05
-0.089225665;0.163106337;0.07;5.97E+05
0.086026155;-0.162138462;0.07;5.00E+05
0.094964318;0.078937583;0.07;7.85E+05
0.080577381;0.085567862;0.07;7.72E+05
-0.094957456;-0.078422412;0.07;3.15E+05
-0.145526499;-0.070478201;0.07;2.98E+05
-0.119275391;0.112336807;0.07;5.45E+05
0.107255705;-0.117718078;0.07;5.42E+05
0.108381189;0.072675496;0.07;7.89E+05
-0.107820548;-0.070271835;0.07;3.17E+05
0.067743778;0.123096757;0.07;7.89E+05
-0.125766113;-0.067166887;0.07;3.10E+05
0.122286394;0.074885666;0.07;8.07E+05
-0.073037051;-0.093051374;0.07;3.30E+05
0.074954733;0.150372684;0.07;8.11E+05
-0.155075774;-0.095956475;0.07;2.45E+05
-0.068242826;-0.102839708;0.07;3.27E+05
-0.135048017;-0.070118286;0.07;3.00E+05
0.155093268;0.095570833;0.07;8.54E+05
-0.086266272;0.154503584;0.07;5.95E+05
-0.064353727;-0.131282374;0.07;3.14E+05
0.074065223;0.137357041;0.07;8.10E+05
-0.065145195;-0.112506382;0.07;3.24E+05
0.168528527;0.005002063;0.07;6.94E+05
0.00307447;-0.168786734;0.07;4.15E+05
-0.000724107;0.161300629;0.07;6.85E+05
0.070882708;0.108046174;0.07;7.85E+05
-0.085341953;0.135102496;0.07;5.85E+05
0.064186074;0.158861965;0.07;7.86E+05
-0.08942236;0.120377444;0.07;5.73E+05
-0.156475022;-0.079015918;0.07;2.83E+05
-0.066584818;-0.162298113;0.07;3.09E+05
0.148734942;0.038338043;0.07;7.39E+05
0.175908029;0.047069132;0.07;7.55E+05
0.112603433;-0.098056972;0.07;5.60E+05
0.018617867;0.160258055;0.07;7.11E+05
0.039054085;0.155248433;0.07;7.42E+05
-0.161035374;-0.015907031;0.07;3.92E+05
-0.162086442;-0.039155893;0.07;3.57E+05
-0.035955336;-0.154128522;0.07;3.63E+05
0.138491452;0.07280004;0.07;8.07E+05
-0.058010094;0.196021646;0.07;6.35E+05
0.058235891;-0.19676438;0.07;4.64E+05
0.146401316;-0.019773334;0.07;6.56E+05
0.160123959;-0.036707692;0.07;6.43E+05
-0.153813928;0.018618293;0.07;4.39E+05
-0.161886945;0.036953803;0.07;4.56E+05
0.159584761;-0.075330839;0.07;6.07E+05
-0.159575075;0.076320976;0.07;4.94E+05
0.096214525;-0.130664453;0.07;5.26E+05
0.084642217;-0.141194433;0.07;5.10E+05
0.117246486;-0.124752931;0.07;5.45E+05
0.193155617;-0.067043819;0.07;6.27E+05
0.170164078;-0.068488576;0.07;6.17E+05
0.067969747;-0.169527963;0.07;4.82E+05
-0.063442789;0.168302327;0.07;6.21E+05
-0.170438096;0.069041714;0.07;4.83E+05
-0.193367913;0.067171753;0.07;4.73E+05
-0.199540511;-0.048882306;0.07;3.47E+05
0.200110808;0.048565887;0.07;7.52E+05
0.058670007;0.197478101;0.07;7.67E+05
-0.058345918;-0.196585625;0.07;3.33E+05
-0.09172219;-0.091553904;0.07;2.92E+05
0.15749231;0.08070261;0.07;8.20E+05
-0.087895826;-0.081750199;0.07;3.21E+05
-0.064777173;-0.094786704;0.07;3.45E+05
0.066573635;0.136870697;0.07;7.92E+05
0.074267454;-0.13640061;0.07;5.04E+05
0.11534436;0.070268773;0.07;7.90E+05
0.129273742;0.071965084;0.07;8.03E+05
0.14307335;0.045064282;0.07;7.50E+05
0.092563771;0.07103622;0.07;7.64E+05
0.07207533;0.087888442;0.07;7.60E+05
-0.091608286;-0.070389122;0.07;3.38E+05
-0.098605298;-0.085988514;0.07;2.90E+05
0.040871546;0.148388878;0.07;7.43E+05
-0.04281947;-0.148407578;0.07;3.53E+05
-0.140940368;-0.065001681;0.07;3.11E+05
-0.119785354;-0.067508236;0.07;3.13E+05
-0.079724491;-0.083496712;0.07;3.32E+05
-0.15914242;-0.088559426;0.07;2.64E+05
-0.061847244;-0.105376072;0.07;3.39E+05
0.087150663;-0.123606443;0.07;5.23E+05
-0.07038068;-0.142360628;0.07;2.98E+05
0.008630642;0.161116973;0.07;6.98E+05
-0.012762478;-0.15816395;0.07;3.97E+05
0.144353956;0.068108603;0.07;7.96E+05
-0.155648768;-0.069241144;0.07;3.03E+05
-0.098201506;-0.066549219;0.07;3.37E+05
0.099842019;0.06843356;0.07;7.69E+05
0.068139076;0.151970357;0.07;7.95E+05
0.064170934;0.097602591;0.07;7.57E+05
0.168411881;0.012822691;0.07;7.05E+05
-0.155126661;-0.010933274;0.07;4.01E+05
0.068568796;0.115834348;0.07;7.86E+05
0.149897575;0.050505143;0.07;7.61E+05
0.153232768;0.029094923;0.07;7.25E+05
0.099562556;-0.110357426;0.07;5.42E+05
0.054557797;0.158443004;0.07;7.69E+05
-0.171471417;-0.043420956;0.07;3.50E+05
-0.108190268;0.096623078;0.07;5.41E+05
-0.15775086;-0.025632685;0.07;3.79E+05
0.010704964;-0.167446047;0.07;4.25E+05
-0.010639819;0.161100864;0.07;6.73E+05
-0.048999727;-0.15524815;0.07;3.41E+05
0.151676595;-0.013656394;0.07;6.66E+05
0.150925532;-0.041122884;0.07;6.35E+05
-0.162075341;0.016356627;0.07;4.33E+05
-0.097906582;0.115202129;0.07;5.62E+05
0.112321474;-0.111067973;0.07;5.51E+05
0.120148048;-0.093383983;0.07;5.69E+05
-0.152397022;0.040093958;0.07;4.63E+05
0.080624789;-0.133572683;0.07;5.11E+05
-0.196573034;0.057588641;0.07;4.64E+05
0.196384713;-0.057393033;0.07;6.36E+05
-0.048136458;0.199263722;0.07;6.45E+05
0.048506983;-0.199525982;0.07;4.55E+05
0.091295704;0.062715039;0.07;7.46E+05
0.062713981;0.088706203;0.07;7.43E+05
-0.088145174;-0.062616319;0.07;3.58E+05
0.148761377;0.019640846;0.07;7.09E+05
-0.070489831;-0.084099844;0.07;3.49E+05
-0.151034668;-0.064584933;0.07;3.11E+05
-0.146268129;-0.060038224;0.07;3.21E+05
0.136225015;0.03164313;0.07;7.24E+05
-0.058103703;-0.098248944;0.07;3.54E+05
-0.085009836;-0.073407061;0.07;3.42E+05
0.085358501;0.073679283;0.07;7.59E+05
0.077885851;0.076702423;0.07;7.52E+05
0.062084336;0.129539385;0.07;7.79E+05
-0.073529653;-0.136132717;0.07;2.91E+05
-0.061718408;-0.139955401;0.07;3.18E+05
0.1377877;0.061092481;0.07;7.80E+05
-0.104919665;-0.062343985;0.07;3.38E+05
0.107077606;0.06608817;0.07;7.72E+05
0.062069584;0.105938092;0.07;7.62E+05
-0.143549874;-0.030077251;0.07;3.76E+05
-0.160156995;0.003084683;0.07;4.17E+05
0.155445397;-0.006401076;0.07;6.76E+05
0.140031949;0.039400123;0.07;7.38E+05
0.027000677;0.138877854;0.07;7.17E+05
-0.160247147;0.00878164;0.07;4.24E+05
0.155697823;-0.050118893;0.07;6.28E+05
-0.036292158;-0.141667649;0.07;3.66E+05
-0.156426311;0.049465213;0.07;4.71E+05
0.14105767;-0.045120779;0.07;6.26E+05
0.048043609;0.168322325;0.07;7.57E+05
-0.142087609;0.042503681;0.07;4.70E+05
0.158676788;0.000808407;0.07;6.86E+05
-0.054339327;-0.162003011;0.07;3.32E+05
0.070462674;-0.147549093;0.07;4.94E+05
-0.002348339;-0.15871717;0.07;4.11E+05
0.018136658;-0.169283554;0.07;4.33E+05
-0.000856067;0.150719494;0.07;6.82E+05
-0.01974937;0.165133938;0.07;6.64E+05
0.086595386;-0.109575696;0.07;5.32E+05
-0.116186246;0.089938544;0.07;5.30E+05
0.115406699;-0.085266985;0.07;5.73E+05
-0.093273774;0.107872166;0.07;5.61E+05
-0.111090764;0.117292702;0.07;5.54E+05
-0.055044897;-0.107704729;0.07;3.50E+05
-0.05243199;-0.092065908;0.07;3.72E+05
0.142438561;0.012653183;0.07;6.97E+05
-0.142120555;-0.054155834;0.07;3.33E+05
0.082422465;0.063785248;0.07;7.36E+05
0.069678731;0.078029588;0.07;7.40E+05
0.052058257;0.136909679;0.07;7.61E+05
-0.157363191;-0.057658862;0.07;3.25E+05
-0.087104894;-0.142502978;0.07;2.56E+05
-0.081818119;-0.06575188;0.07;3.61E+05
0.056588154;0.097127661;0.07;7.41E+05
-0.131450325;-0.063840784;0.07;3.15E+05
-0.061088454;-0.122803673;0.07;3.26E+05
0.064993359;0.14466098;0.07;7.89E+05
0.088094264;0.08211612;0.07;7.80E+05
-0.159850374;-0.064189903;0.07;3.13E+05
-0.069657408;-0.074952118;0.07;3.65E+05
0.099033937;0.06091762;0.07;7.52E+05
-0.094690368;-0.058789589;0.07;3.57E+05
-0.053260569;-0.131704494;0.07;3.38E+05
-0.067681402;-0.148796409;0.07;3.05E+05
0.13465257;0.045817997;0.07;7.48E+05
0.037549444;0.138633177;0.07;7.35E+05
0.021261016;0.139697179;0.07;7.09E+05
-0.137669742;-0.035049859;0.07;3.69E+05
-0.059695508;-0.084731743;0.07;3.68E+05
-0.000289793;0.172127187;0.07;6.89E+05
-0.04267174;-0.134346649;0.07;3.57E+05
-0.023801744;-0.140759885;0.07;3.87E+05
-0.010033685;-0.167901859;0.07;3.99E+05
0.169341892;0.020341912;0.07;7.15E+05
-0.156021684;-0.020045484;0.07;3.87E+05
0.167068422;-0.002841567;0.07;6.84E+05
-0.168068588;0.006561914;0.07;4.19E+05
0.136378393;-0.036935125;0.07;6.32E+05
0.05848892;0.171271741;0.07;7.74E+05
-0.139334112;0.032772008;0.07;4.61E+05
-0.065925255;-0.18129997;0.07;3.16E+05
0.067719542;-0.138792932;0.07;4.97E+05
0.073632225;-0.156714991;0.07;4.93E+05
0.092611268;-0.103663273;0.07;5.41E+05
-0.106875382;0.082845621;0.07;5.31E+05
-0.108165398;0.129770935;0.07;5.64E+05
0.13544786;0.052948721;0.07;7.62E+05
-0.001143599;0.140280902;0.07;6.77E+05
0.001139543;-0.146017283;0.07;4.20E+05
-0.0472597;-0.108385161;0.07;3.65E+05
-0.091026127;-0.051431321;0.07;3.75E+05
0.052141495;0.090052545;0.07;7.25E+05
0.091968432;0.054267425;0.07;7.31E+05
0.098152325;0.086006716;0.07;8.08E+05
0.114420153;0.064010926;0.07;7.74E+05
-0.161588877;-0.073449068;0.07;2.96E+05
-0.112539597;-0.058255136;0.07;3.39E+05
0.063950114;0.180388331;0.07;7.80E+05
0.123288944;0.06873136;0.07;7.92E+05
-0.164577231;-0.046920396;0.07;3.44E+05
-0.012181796;-0.176088974;0.07;3.94E+05
-0.045891404;-0.099152759;0.07;3.76E+05
0.174852833;-0.01325639;0.07;6.74E+05
-0.179573342;0.018140353;0.07;4.30E+05
0.06090945;0.079307534;0.07;7.27E+05
0.068175182;0.06668406;0.07;7.20E+05
-0.148406759;-0.050198045;0.07;3.39E+05
0.04711359;0.129848436;0.07;7.49E+05
0.097588331;-0.095209234;0.07;5.52E+05
0.085149996;0.054230306;0.07;7.23E+05
-0.15403083;-0.041205615;0.07;3.55E+05
0.135264099;0.011769738;0.07;6.92E+05
0.145050034;0.056498274;0.07;7.72E+05
0.127963141;0.028516112;0.07;7.15E+05
0.12738359;0.047036301;0.07;7.47E+05
0.040020328;0.129724652;0.07;7.35E+05
0.022849502;0.147174194;0.07;7.14E+05
0.029627843;0.132699504;0.07;7.19E+05
-0.084740631;-0.055429794;0.07;3.75E+05
-0.032813001;-0.130751446;0.07;3.76E+05
-0.13293615;-0.027278703;0.07;3.84E+05
-0.040842917;-0.117092453;0.07;3.70E+05
-0.02933364;-0.136438236;0.07;3.80E+05
-0.02412682;-0.151702747;0.07;3.82E+05
0.131173983;-0.048446007;0.07;6.17E+05
0.010990588;-0.136987597;0.07;4.37E+05
-0.010167872;0.139422327;0.07;6.65E+05
-0.131489009;0.043674894;0.07;4.77E+05
-0.137491122;0.024022961;0.07;4.52E+05
0.065213941;-0.130416662;0.07;4.99E+05
0.062762149;-0.14955011;0.07;4.86E+05
0.139372692;0.0038776;0.07;6.83E+05
-0.033798575;-0.124343552;0.07;3.78E+05
0.027959812;0.125090167;0.07;7.12E+05
0.040456742;0.121876188;0.07;7.32E+05
-0.024245793;-0.119121358;0.07;3.97E+05
0.156258076;0.056669854;0.07;7.73E+05
0.120529175;0.049374469;0.07;7.48E+05
-0.166040823;-0.065974206;0.07;3.12E+05
-0.097073041;-0.046843853;0.07;3.76E+05
0.040960889;0.103841163;0.07;7.19E+05
0.099847354;0.04501728;0.07;7.23E+05
0.133667126;-0.002714822;0.07;6.72E+05
0.04856164;0.121450193;0.07;7.47E+05
-0.137431324;-0.047543813;0.07;3.47E+05
-0.032400496;-0.117609315;0.07;3.85E+05
-0.070943005;-0.065892831;0.07;3.77E+05
-0.045532245;-0.086538971;0.07;3.90E+05
-0.036696497;-0.101826139;0.07;3.90E+05
0.128375307;0.054120261;0.07;7.62E+05
-0.042286579;-0.125075594;0.07;3.63E+05
0.113410242;0.050750367;0.07;7.45E+05
0.014500005;0.131882608;0.07;6.95E+05
0.048005905;0.144319534;0.07;7.55E+05
0.014378093;0.140477479;0.07;6.99E+05
-0.139992818;-0.022610072;0.07;3.89E+05
-0.01848531;-0.13407582;0.07;3.98E+05
-0.018135512;-0.144975364;0.07;3.94E+05
-0.107700519;-0.049871251;0.07;3.61E+05
0.106685817;-0.089476377;0.07;5.63E+05
0.018359136;0.182492018;0.07;7.14E+05
0.073786631;-0.118527316;0.07;5.15E+05
-0.022724336;-0.18300201;0.07;3.80E+05
0.000349247;-0.137275502;0.07;4.23E+05
0.019163298;-0.145605043;0.07;4.43E+05
0.064967401;-0.159328237;0.07;4.84E+05
-0.000486078;0.130257756;0.07;6.73E+05
-0.016481005;0.150496736;0.07;6.62E+05
0.139534369;-0.025100911;0.07;6.47E+05
0.131343096;-0.029319227;0.07;6.38E+05
0.184699997;-0.015045049;0.07;6.74E+05
-0.187199205;0.017440027;0.07;4.27E+05
-0.145606712;0.021405293;0.07;4.45E+05
0.046028882;-0.160190225;0.07;4.66E+05
-0.082719535;-0.049365532;0.07;3.88E+05
0.038815036;0.114690602;0.07;7.24E+05
0.106980503;0.044075958;0.07;7.27E+05
-0.103473276;-0.041947376;0.07;3.79E+05
0.121136777;0.055789243;0.07;7.61E+05
-0.010198661;-0.13837263;0.07;4.08E+05
0.118203983;-0.024851926;0.07;6.35E+05
0.059400227;0.114204518;0.07;7.64E+05
-0.014653288;-0.149732396;0.07;3.97E+05
0.007295611;0.131227911;0.07;6.84E+05
0.150894985;0.063167296;0.07;7.85E+05
0.015531009;0.149685502;0.07;7.04E+05
0.116362751;0.036789183;0.07;7.22E+05
0.027765678;0.119988941;0.07;7.09E+05
0.093063623;0.046089891;0.07;7.18E+05
-0.086542212;-0.044434916;0.07;3.92E+05
0.0422226;0.087167583;0.07;7.05E+05
0.04835438;0.111481652;0.07;7.39E+05
-0.04010452;-0.091582656;0.07;3.94E+05
0.126166388;0.010536389;0.07;6.86E+05
-0.068184197;-0.053391717;0.07;4.00E+05
-0.061350685;-0.061161988;0.07;3.98E+05
0.020590106;-0.155230299;0.07;4.40E+05
0.016255233;-0.123580627;0.07;4.51E+05
-0.017855693;0.127617612;0.07;6.49E+05
-0.034335833;0.1507985;0.07;6.42E+05
0.130051553;-0.014450178;0.07;6.55E+05
0.127222195;-0.040521234;0.07;6.23E+05
0.080390774;-0.114433914;0.07;5.23E+05
0.045954257;-0.149767295;0.07;4.70E+05
0.057307225;-0.172808185;0.07;4.71E+05
-0.126644909;-0.018989949;0.07;4.01E+05
-0.110583574;-0.0366157;0.07;3.82E+05
-0.025049372;0.121342398;0.07;6.37E+05
0.023066871;-0.118980549;0.07;4.62E+05
-0.077530637;-0.048463631;0.07;3.96E+05
0.115767986;0.006424625;0.07;6.73E+05
0.118358515;-0.043772735;0.07;6.14E+05
-0.038942378;-0.081497021;0.07;4.06E+05
0.032109983;0.117521718;0.07;7.14E+05
0.170099869;0.048128046;0.07;7.57E+05
-0.114167713;-0.04463926;0.07;3.65E+05
-0.033660963;-0.094990403;0.07;4.01E+05
0.086868033;0.046761386;0.07;7.12E+05
0.114144452;0.043617994;0.07;7.32E+05
0.118312433;0.029837381;0.07;7.11E+05
0.051590003;0.080228038;0.07;7.12E+05
0.03958996;0.093454115;0.07;7.07E+05
0.113953106;-0.036116134;0.07;6.19E+05
0.130354092;0.016181091;0.07;6.96E+05
0.123680122;-0.002301923;0.07;6.67E+05
0.008674399;-0.126655251;0.07;4.40E+05
0.026779836;-0.12812075;0.07;4.61E+05
-0.008658032;0.12892887;0.07;6.61E+05
0.022692798;-0.138377815;0.07;4.50E+05
-0.025889546;0.132531285;0.07;6.42E+05
-0.032436866;0.13761498;0.07;6.38E+05
-0.135993749;-0.014816269;0.07;4.02E+05
0.037004422;-0.158679694;0.07;4.57E+05
0.053463791;-0.133313194;0.07;4.86E+05
0.079866603;0.041664433;0.07;6.96E+05
0.049906969;0.071126342;0.07;6.98E+05
-0.037963864;0.131907299;0.07;6.28E+05
0.038321428;-0.135992438;0.07;4.69E+05
0.034267906;0.086003318;0.07;6.91E+05
0.058745306;0.069412649;0.07;7.09E+05
0.123692565;0.020961922;0.07;7.00E+05
0.028422361;0.102892958;0.07;6.97E+05
-0.007964976;0.117949404;0.07;6.56E+05
0.000425786;-0.118623219;0.07;4.34E+05
-0.100811064;-0.021261981;0.07;4.15E+05
-0.042689037;-0.077496186;0.07;4.05E+05
0.117373236;0.014785212;0.07;6.87E+05
0.013528753;-0.116977267;0.07;4.52E+05
-0.117900841;-0.051063396;0.07;3.50E+05
0.08650928;0.039086729;0.07;6.99E+05
-0.01483554;0.109744795;0.07;6.41E+05
0.042422719;0.079882763;0.07;6.97E+05
-0.019203436;-0.103503831;0.07;4.16E+05
0.108929716;-0.028063914;0.07;6.25E+05
-0.113123767;-0.023595249;0.07;4.02E+05
0.114288844;-0.008957597;0.07;6.52E+05
0.105632268;-0.040056102;0.07;6.09E+05
0.045510542;-0.170697168;0.07;4.61E+05
-0.028824026;-0.080708623;0.07;4.23E+05
0.026912939;0.087392919;0.07;6.81E+05
0.070345916;0.038251899;0.07;6.79E+05
-0.127024651;-0.049028255;0.07;3.49E+05
0.068641491;0.051479742;0.07;6.97E+05
0.05533028;0.060238592;0.07;6.91E+05
0.097853214;-0.044433314;0.07;5.99E+05
0.022318628;0.108163223;0.07;6.92E+05
0.114899524;-0.016909638;0.07;6.42E+05
-0.093608253;-0.026317962;0.07;4.14E+05
0.085063279;0.031283196;0.07;6.85E+05
-0.045815792;0.140284315;0.07;6.25E+05
-0.018949237;-0.09565641;0.07;4.23E+05
-0.03001325;-0.110380441;0.07;3.94E+05
0.106894061;0.008049498;0.07;6.70E+05
0.030267121;-0.114750221;0.07;4.73E+05
-0.026465103;0.1094191;0.07;6.27E+05
0.109959736;-0.047309246;0.07;6.04E+05
-0.003605124;0.109242983;0.07;6.55E+05
-0.00090795;-0.110302188;0.07;4.37E+05
0.102143079;0.026682418;0.07;6.94E+05
0.062429845;0.056694958;0.07;6.96E+05
-0.107996948;-0.016034177;0.07;4.17E+05
-0.026987465;-0.071678102;0.07;4.35E+05
0.065490179;0.028570095;0.07;6.60E+05
0.023953134;0.073388577;0.07;6.62E+05
0.022926526;0.097198218;0.07;6.84E+05
0.005203704;0.103070378;0.07;6.63E+05
-0.00176727;-0.101132631;0.07;4.43E+05
0.08341825;0.023227694;0.07;6.71E+05
0.064090192;0.043582644;0.07;6.79E+05
0.02381183;0.117990941;0.07;7.01E+05
-0.092183165;-0.039246049;0.07;3.95E+05
0.047360834;0.062220756;0.07;6.83E+05
0.10466022;-0.00838255;0.07;6.46E+05
0.092816643;-0.037843775;0.07;6.02E+05
-0.031345308;0.115953043;0.07;6.26E+05
-0.050657567;0.130282283;0.07;6.14E+05
0.074497297;0.058417946;0.07;7.16E+05
-0.011121577;-0.113693871;0.07;4.21E+05
0.014539123;0.102733731;0.07;6.76E+05
-0.130430415;-0.040922388;0.07;3.62E+05
0.09716177;0.00222058;0.07;6.54E+05
0.041877206;-0.11986059;0.07;4.83E+05
-0.038423654;0.111856706;0.07;6.15E+05
-0.024794493;-0.085031256;0.07;4.24E+05
-0.031255413;-0.066631272;0.07;4.35E+05
0.059111163;0.036248017;0.07;6.63E+05
0.017243076;0.082557127;0.07;6.62E+05
0.032509439;0.072368898;0.07;6.73E+05
0.074005626;0.016937343;0.07;6.53E+05
-0.086461723;-0.031646628;0.07;4.13E+05
0.005793367;-0.089555003;0.07;4.62E+05
-0.008894742;0.090870164;0.07;6.34E+05
0.085634448;-0.043032356;0.07;5.90E+05
0.094786286;-0.025689833;0.07;6.17E+05
0.090283126;0.012595531;0.07;6.62E+05
-0.04565854;0.15237096;0.07;6.31E+05
-0.033030193;0.162225321;0.07;6.48E+05
-0.132254034;-0.053370282;0.07;3.38E+05
-0.057275891;0.153934032;0.07;6.20E+05
0.066444986;0.017825605;0.07;6.46E+05
0.082028225;0.014985957;0.07;6.58E+05
-0.011140349;-0.093451083;0.07;4.36E+05
0.009051818;0.084457725;0.07;6.52E+05
-0.025657555;-0.064262889;0.07;4.45E+05
0.05388711;0.041517407;0.07;6.64E+05
-0.081130259;-0.022929484;0.07;4.31E+05
0.041163821;0.071754143;0.07;6.85E+05
0.022125579;0.065189607;0.07;6.51E+05
-0.088535614;-0.018058898;0.07;4.31E+05
-0.042947441;0.122399896;0.07;6.17E+05
-0.002769255;-0.091447353;0.07;4.50E+05
0.015395331;-0.097843409;0.07;4.68E+05
0.088816144;0.004757114;0.07;6.50E+05
0.091684304;0.020711523;0.07;6.75E+05
-0.015386167;0.096947514;0.07;6.31E+05
0.087257542;-0.031595286;0.07;6.04E+05
-0.056517694;0.13473542;0.07;6.11E+05
-0.044343285;0.162953094;0.07;6.37E+05
0.08113385;-0.025679296;0.07;6.05E+05
-0.065341234;0.140595987;0.07;6.06E+05
0.056023739;0.023707077;0.07;6.43E+05
-0.02239323;-0.076441445;0.07;4.37E+05
-0.066155747;-0.032791123;0.07;4.33E+05
-0.067523293;0.149674043;0.07;6.09E+05
0.015745333;0.074956499;0.07;6.52E+05
0.080696166;0.007010729;0.07;6.46E+05
0.004649657;-0.079903767;0.07;4.70E+05
0.026276924;-0.105129085;0.07;4.75E+05
0.052301273;-0.115248777;0.07;4.96E+05
0.049893871;0.036561854;0.07;6.52E+05
-0.014985642;0.083726168;0.07;6.20E+05
-0.021132743;0.103132665;0.07;6.29E+05
0.087461278;-0.019750213;0.07;6.18E+05
0.080143049;-0.037202578;0.07;5.92E+05
0.003751098;-0.070274919;0.07;4.77E+05
-0.021253182;0.077055737;0.07;6.07E+05
0.073377639;-0.043149632;0.07;5.79E+05
-0.014323758;-0.072477557;0.07;4.52E+05
0.07182876;0.000289581;0.07;6.29E+05
0.047919467;0.018792372;0.07;6.27E+05
0.005861476;0.0693736;0.07;6.33E+05
0.074357823;-0.03127845;0.07;5.93E+05
-0.068412028;-0.018702824;0.07;4.50E+05
-0.070032083;-0.041054387;0.07;4.16E+05
0.048242062;0.044623867;0.07;6.61E+05
-0.004049048;-0.081673704;0.07;4.57E+05
-0.000904845;0.085256957;0.07;6.40E+05
-0.021549502;0.09026707;0.07;6.18E+05
0.047098771;-0.105307512;0.07;4.98E+05
-0.070700772;0.158385709;0.07;6.10E+05
-0.074440673;0.13771005;0.07;5.96E+05
0.067610391;-0.112716228;0.07;5.13E+05
-0.001747837;0.072693929;0.07;6.27E+05
-0.063180462;-0.045715053;0.07;4.18E+05
0.012027493;-0.069047459;0.07;4.89E+05
-0.014126359;0.068731681;0.07;6.08E+05
0.066408552;0.00948623;0.07;6.35E+05
-0.059083581;-0.037466928;0.07;4.35E+05
0.068619564;-0.025027879;0.07;5.95E+05
-0.027583651;0.096863195;0.07;6.16E+05
-0.0710418;0.128138885;0.07;5.93E+05
-0.064078599;0.160213098;0.07;6.17E+05
0.036312096;0.043106113;0.07;6.44E+05
0.001327877;-0.059428494;0.07;4.85E+05
0.067510076;-0.037154317;0.07;5.80E+05
0.044757292;0.053946037;0.07;6.68E+05
-0.052709401;-0.041568447;0.07;4.37E+05
-0.034368303;0.090508699;0.07;6.04E+05
0.039095759;0.063147828;0.07;6.72E+05
0.064163141;0.001558115;0.07;6.23E+05
0.048418924;-0.043918099;0.07;5.54E+05
0.019968161;-0.077519149;0.07;4.90E+05
-0.061081078;-0.024127081;0.07;4.51E+05
-0.021662258;0.066427283;0.07;5.97E+05
0.075095981;-0.020094059;0.07;6.07E+05
0.067104168;-0.049877022;0.07;5.67E+05
-0.052988105;0.174634084;0.07;6.33E+05
-0.005083954;0.065650448;0.07;6.16E+05
0.072000533;-0.00857737;0.07;6.18E+05
-0.048329175;-0.021608543;0.07;4.68E+05
-0.006937736;0.058844395;0.07;6.07E+05
-0.048265196;-0.033993457;0.07;4.53E+05
-0.040210947;0.098093405;0.07;6.03E+05
0.041674417;-0.038469877;0.07;5.53E+05
0.020508148;-0.069049805;0.07;4.99E+05
0.013696442;-0.08800707;0.07;4.74E+05
-0.027363645;0.071182683;0.07;5.95E+05
0.059061129;0.016053587;0.07;6.36E+05
-0.034770235;0.076621123;0.07;5.91E+05
0.023315717;-0.095427662;0.07;4.79E+05
-0.046350204;-0.044348385;0.07;4.41E+05
0.002933512;0.061992895;0.07;6.22E+05
-0.014720799;0.041231658;0.07;5.79E+05
0.047154307;-0.029262183;0.07;5.69E+05
0.025872111;-0.077503219;0.07;4.97E+05
-0.047648788;0.09168762;0.07;5.90E+05
0.041541196;-0.075676672;0.07;5.16E+05
0.013749701;0.067013681;0.07;6.41E+05
-0.041551046;0.083717205;0.07;5.90E+05
-0.044400223;-0.038106479;0.07;4.52E+05
0.001583199;0.040142607;0.07;5.97E+05
-0.021472804;0.047985584;0.07;5.78E+05
0.0391891;-0.028715331;0.07;5.61E+05
0.061553717;-0.030445447;0.07;5.82E+05
0.019640561;0.056310605;0.07;6.38E+05
0.029294483;-0.027900476;0.07;5.51E+05
-0.031553056;-0.044751853;0.07;4.60E+05
0.046097085;-0.082891651;0.07;5.15E+05
0.043367684;-0.019399308;0.07;5.76E+05
0.036288854;-0.045344919;0.07;5.40E+05
-0.023693988;0.060005918;0.07;5.88E+05
-0.022481071;0.035085492;0.07;5.64E+05
-0.028993657;0.029310741;0.07;5.50E+05
0.029146276;-0.040172428;0.07;5.38E+05
0.020174714;-0.025426593;0.07;5.44E+05
-0.039230954;-0.044957262;0.07;4.50E+05
-0.022835005;-0.036180344;0.07;4.81E+05
0.016469244;0.046837676;0.07;6.23E+05
0.053397514;-0.076937825;0.07;5.28E+05
0.038673546;-0.087989666;0.07;5.03E+05
0.051350534;-0.01438357;0.07;5.90E+05
-0.008876116;0.034128308;0.07;5.78E+05
-0.029003674;0.04158007;0.07;5.63E+05
0.045961078;-0.006867879;0.07;5.93E+05
-0.004604763;0.026761629;0.07;5.75E+05
-0.012129904;0.021371964;0.07;5.60E+05
-0.024262976;-0.052449398;0.07;4.60E+05
-0.014983202;-0.045145735;0.07;4.80E+05
-0.031033887;-0.028195774;0.07;4.81E+05
0.026171394;0.044715751;0.07;6.33E+05
-0.001009838;0.054319717;0.07;6.09E+05
0.060595058;-0.07049416;0.07;5.40E+05
0.050782055;-0.090701297;0.07;5.13E+05
0.047800958;-0.069773272;0.07;5.28E+05
-0.028043395;0.053533241;0.07;5.77E+05
-0.03458583;0.048502185;0.07;5.64E+05
0.011822833;-0.04877435;0.07;5.09E+05
0.052564662;-0.000958249;0.07;6.07E+05
-0.023428017;0.023221709;0.07;5.50E+05
-0.013890952;-0.027620027;0.07;5.02E+05
-0.040683165;-0.027496148;0.07;4.70E+05
0.022908878;0.034788974;0.07;6.17E+05
0.024670143;-0.021371549;0.07;5.53E+05
0.042736683;-0.096390359;0.07;5.00E+05
0.066137657;-0.077798359;0.07;5.39E+05
0.022572462;-0.048262551;0.07;5.22E+05
-0.006278809;-0.046517495;0.07;4.90E+05
-0.025104845;-0.059288554;0.07;4.51E+05
-0.007363147;0.014620611;0.07;5.58E+05
-0.021177216;-0.067309797;0.07;4.48E+05
0.026704274;-0.010615698;0.07;5.68E+05
-0.001411503;0.008561497;0.07;5.58E+05
-0.046956625;0.052994173;0.07;5.56E+05
0.003119404;-0.038396552;0.07;5.10E+05
0.060470603;-0.008057449;0.07;6.07E+05
0.040527113;-8.81E-05;0.07;5.96E+05
-0.023366787;-0.017590702;0.07;5.02E+05
-0.033529438;0.023406722;0.07;5.39E+05
0.064290196;-0.091845535;0.07;5.26E+05
-0.016216159;-0.053325962;0.07;4.70E+05
8.51E-05;0.020334151;0.07;5.73E+05
0.019839862;0.025599994;0.07;6.02E+05
-0.043753058;0.023533672;0.07;5.28E+05
0.063601218;-0.017695023;0.07;5.99E+05
-0.022803312;-0.000315992;0.07;5.23E+05
0.029168198;3.07E-05;0.07;5.83E+05
-0.009934313;-0.003862743;0.07;5.34E+05
0.003931917;-0.029523052;0.07;5.21E+05
-0.042266715;0.04415489;0.07;5.52E+05
-0.041669119;0.067446619;0.07;5.75E+05
-0.031050852;-0.011687157;0.07;5.01E+05
0.046669789;0.005839972;0.07;6.09E+05
0.074458428;-0.084845953;0.07;5.41E+05
0.009434779;0.026656926;0.07;5.91E+05
-0.049232941;0.076558828;0.07;5.76E+05
0.086648434;-0.093465656;0.07;5.44E+05
-0.037497465;-0.006623654;0.07;4.99E+05
0.041285276;0.012477615;0.07;6.12E+05
-0.037575848;0.034975302;0.07;5.47E+05
-0.031884197;-0.000194087;0.07;5.13E+05
0.024453497;0.005083475;0.07;5.84E+05
0.00070241;-0.002782384;0.07;5.47E+05
-0.015134734;0.007883769;0.07;5.41E+05
0.013755313;-0.022972284;0.07;5.39E+05
-0.031444948;0.0643695;0.07;5.84E+05
-0.051701948;0.061806537;0.07;5.60E+05
0.071392395;-0.072126783;0.07;5.49E+05
0.077427387;-0.094972991;0.07;5.35E+05
-0.057720829;0.069968022;0.07;5.61E+05
0.078822807;-0.074517816;0.07;5.54E+05
0.042033248;0.027476102;0.07;6.31E+05
0.018291613;0.000360023;0.07;5.71E+05
-0.02503047;0.005198958;0.07;5.27E+05
-0.019694528;-0.00905206;0.07;5.17E+05
-0.019724995;0.01618156;0.07;5.46E+05
-0.054649804;0.048757289;0.07;5.44E+05
0.035274997;0.005999476;0.07;5.97E+05
0.024503896;0.015278449;0.07;5.96E+05
-0.061320413;0.043702211;0.07;5.32E+05
0.043885183;0.037815463;0.07;6.46E+05
-0.013377423;-0.019104108;0.07;5.12E+05
-0.011933474;-0.011333161;0.07;5.23E+05
0.028286586;0.022884054;0.07;6.09E+05
0.088803306;-0.076915935;0.07;5.60E+05
-0.064712741;0.078125596;0.07;5.62E+05
-0.004805448;-0.028518111;0.07;5.12E+05
-0.003997526;-0.020124774;0.07;5.22E+05
0.100875475;-0.069736563;0.07;5.76E+05
-0.065792665;0.063154928;0.07;5.47E+05
0.090675473;-0.069279648;0.07;5.68E+05
-0.07115145;0.069741346;0.07;5.48E+05
-0.066429667;0.086211398;0.07;5.67E+05
0.11340972;-0.076506272;0.07;5.79E+05
-0.078648463;0.074201591;0.07;5.46E+05
-0.061530486;0.093672879;0.07;5.78E+05
-0.082876086;0.067664988;0.07;5.36E+05
-0.075853452;0.094427399;0.07;5.65E+05
0.112589404;-0.066793129;0.07;5.87E+05
-0.086386412;0.078529842;0.07;5.43E+05
-0.078383304;0.099072792;0.07;5.67E+05
-0.068750858;0.109871343;0.07;5.83E+05
-0.090566121;0.072014764;0.07;5.34E+05
-0.084010042;0.094904192;0.07;5.59E+05
-0.058507122;0.10890878;0.07;5.92E+05
-0.102973983;0.069586918;0.07;5.22E+05
-0.051350843;0.115274094;0.07;6.04E+05
-0.071879998;0.101388142;0.07;5.74E+05
-0.094326384;0.065186106;0.07;5.24E+05
-0.089057818;0.089659736;0.07;5.50E+05
-0.066308044;0.117474884;0.07;5.91E+05
-0.04575523;0.10642954;0.07;6.04E+05
-0.111527875;0.07502903;0.07;5.21E+05
-0.095140323;0.095707364;0.07;5.50E+05
-0.033214089;0.103909366;0.07;6.15E+05
-0.115665503;0.067703538;0.07;5.11E+05
-0.125657693;0.071779847;0.07;5.08E+05
-0.132909924;0.068503887;0.07;5.01E+05
-0.133880496;0.078531541;0.07;5.09E+05
-0.139340505;0.07221856;0.07;5.01E+05
-0.128571808;0.084587209;0.07;5.18E+05
-0.15076685;0.06723401;0.07;4.90E+05
-0.133624598;0.061797749;0.07;4.94E+05
-0.042941582;-0.013766934;0.07;4.84E+05
-0.177071989;-0.061607558;0.07;3.22E+05
0.17682068;0.057592928;0.07;7.71E+05
-0.040440124;-0.053112689;0.07;4.38E+05
0.074336678;-0.107134983;0.07;5.23E+05
0.113541968;0.022352591;0.07;6.96E+05
0.03839222;-0.110393137;0.07;4.85E+05
0.087071069;-0.002551709;0.07;6.39E+05
-0.016747069;0.156561434;0.07;6.64E+05
-0.116075389;0.124630064;0.07;5.55E+05
-0.133804038;0.01538446;0.07;4.44E+05
0.139471933;-0.078952707;0.07;5.93E+05
-0.089489043;0.053904261;0.07;5.17E+05
-0.144393429;0.000511676;0.07;4.20E+05
-0.152230635;0.060006749;0.07;4.83E+05
0.152157754;-0.073139511;0.07;6.05E+05
-0.144631594;-0.042007037;0.07;3.55E+05
0.007563855;0.150665298;0.07;6.93E+05
0.124683343;-0.113248385;0.07;5.57E+05
0.021188319;-0.059411433;0.07;5.09E+05
-0.106040195;0.109875664;0.07;5.53E+05
0.08170113;-0.153287485;0.07;5.01E+05
0.069191992;-0.063955173;0.07;5.55E+05
-0.054627158;-0.137880713;0.07;3.33E+05
-0.037070323;0.005525468;0.07;5.14E+05
-0.048810318;0.031368598;0.07;5.31E+05
0.095118336;-0.086682759;0.07;5.57E+05
-0.067832626;0.049564678;0.07;5.32E+05
-0.020930482;-0.111681454;0.07;4.07E+05
-0.130540505;0.02545093;0.07;4.58E+05
0.00260081;-0.048273049;0.07;4.99E+05
-0.124363832;-0.061987065;0.07;3.23E+05
0.147113279;-0.000941886;0.07;6.80E+05
-0.060383689;-0.073241465;0.07;3.82E+05
0.03539316;0.018577302;0.07;6.12E+05
-0.091521405;-0.005327743;0.07;4.46E+05
-0.093948782;0.083662562;0.07;5.41E+05
0.00915847;0.182709411;0.07;7.02E+05
-0.014316322;-0.184933126;0.07;3.91E+05
0.00511517;-0.02088741;0.07;5.32E+05
-0.129071578;0.096031152;0.07;5.26E+05
0.158225611;0.071739495;0.07;8.01E+05
-0.040088866;-0.070529737;0.07;4.17E+05
0.133010253;-0.095676847;0.07;5.76E+05
0.108128808;0.021066917;0.07;6.90E+05
0.02697093;-0.164621294;0.07;4.44E+05
-0.186424315;0.009391818;0.07;4.19E+05
0.185445711;-0.006489428;0.07;6.84E+05
0.012512749;0.011124797;0.07;5.77E+05
-0.075945072;-0.013362162;0.07;4.50E+05
0.149628401;-0.079216838;0.07;5.98E+05
0.04849077;-0.056709833;0.07;5.42E+05
0.133990631;-0.05652016;0.07;6.11E+05
-0.133736268;0.053199519;0.07;4.86E+05
0.113592841;-0.054238319;0.07;6.00E+05
-0.08537633;0.112550646;0.07;5.71E+05
0.095107257;-0.055116266;0.07;5.85E+05
0.163077742;0.086841762;0.07;8.29E+05
-0.041061938;-0.061638355;0.07;4.27E+05
-0.16824472;-0.079962701;0.07;2.87E+05
0.021129999;-0.08639174;0.07;4.84E+05
-0.107380264;0.061005019;0.07;5.11E+05
0.020176338;-0.162773266;0.07;4.37E+05
-0.078957073;-0.038226582;0.07;4.10E+05
-0.062858075;0.131659374;0.07;6.03E+05
0.093484752;0.037449643;0.07;7.03E+05
-0.074814707;0.108395249;0.07;5.77E+05
0.08664459;-0.099760182;0.07;5.39E+05
-0.050637122;-0.061970219;0.07;4.12E+05
-0.076426402;0.064739101;0.07;5.39E+05
-0.084382892;0.145637691;0.07;5.92E+05
-0.047199905;-0.168730721;0.07;3.44E+05
0.01804835;0.115411237;0.07;6.90E+05
0.037118167;0.171340391;0.07;7.40E+05
0.06224614;-0.12082231;0.07;5.03E+05
-0.152777895;-0.03416701;0.07;3.66E+05
0.093061492;0.028844878;0.07;6.89E+05
-0.043764371;0.172768667;0.07;6.41E+05
-0.110603057;-0.003637455;0.07;4.33E+05
-0.095963404;-0.013403883;0.07;4.31E+05
-0.078523718;0.156477302;0.07;6.03E+05
0.002252735;0.031220071;0.07;5.88E+05
0.00040514;-0.127817854;0.07;4.28E+05
0.165887669;-0.046339043;0.07;6.36E+05
-0.166720197;0.046382599;0.07;4.63E+05
-0.14161396;0.084671967;0.07;5.10E+05
0.13165246;-0.009664861;0.07;6.61E+05
0.00814811;0.076820545;0.07;6.44E+05
-0.150768414;0.008304451;0.07;4.27E+05
-0.056497261;0.039347898;0.07;5.32E+05
0.069152616;-0.099757925;0.07;5.24E+05
0.134019822;-0.018880889;0.07;6.51E+05
-0.028847283;0.019828405;0.07;5.40E+05
0.018173505;0.017932646;0.07;5.91E+05
0.017626301;-0.015094596;0.07;5.53E+05
0.092585646;-0.013222196;0.07;6.30E+05
-0.121976912;0.045842711;0.07;4.85E+05
0.163752273;0.062799312;0.07;7.83E+05
-0.101283908;0.089658104;0.07;5.41E+05
-0.043251064;0.011240931;0.07;5.14E+05
0.015596421;0.123536713;0.07;6.92E+05
-0.070493273;-0.00242625;0.07;4.70E+05
0.1451924;-0.070749044;0.07;6.04E+05
-0.065868422;0.03655427;0.07;5.20E+05
-0.113089725;0.048698671;0.07;4.94E+05
0.135484144;-0.064315461;0.07;6.04E+05
0.00640539;-0.011324574;0.07;5.44E+05
-0.119260475;0.023959365;0.07;4.63E+05
-0.137362808;0.003745393;0.07;4.27E+05
-0.008085058;-0.055340398;0.07;4.78E+05
-0.050755862;-0.071411848;0.07;4.00E+05
-0.081657447;0.04817589;0.07;5.18E+05
0.171279073;-0.057497237;0.07;6.27E+05
-0.171723112;0.057689432;0.07;4.72E+05
0.136360228;-0.071940281;0.07;5.98E+05
-0.094461836;0.048021898;0.07;5.07E+05
-0.080319732;5.14E-05;0.07;4.63E+05
-0.06139442;0.017880278;0.07;5.03E+05
-0.124772146;-0.004999894;0.07;4.22E+05
-0.109266639;0.040960871;0.07;4.89E+05
-0.049752131;-0.07987459;0.07;3.91E+05
-0.160341159;0.067907423;0.07;4.86E+05
0.160831198;-0.06719771;0.07;6.14E+05
-0.055405874;-0.015962668;0.07;4.68E+05
-0.043456227;-0.001238606;0.07;4.99E+05
0.132954612;-0.083518401;0.07;5.86E+05
-0.048726711;-0.052508242;0.07;4.28E+05
-0.12570554;0.062245131;0.07;4.99E+05
0.121918924;-0.051274207;0.07;6.08E+05
0.079110466;-0.048564043;0.07;5.79E+05
0.031865235;-0.052643873;0.07;5.28E+05
0.124661274;-0.066772945;0.07;5.95E+05
0.080927312;-0.065276153;0.07;5.64E+05
0.079340436;-0.000171779;0.07;6.35E+05
0.029744772;-0.07125105;0.07;5.07E+05
-0.0625856;-0.009811298;0.07;4.68E+05
0.03854426;-0.055108994;0.07;5.33E+05
0.088221401;-0.059275143;0.07;5.76E+05
-0.119012319;0.062179465;0.07;5.04E+05
0.124253608;-0.058848005;0.07;6.02E+05
-0.126061425;0.018907201;0.07;4.53E+05
-0.088077322;0.002424813;0.07;4.59E+05
-0.06830655;0.026719784;0.07;5.07E+05
0.122740656;-0.083290257;0.07;5.79E+05
-0.098919958;-0.00107301;0.07;4.46E+05
-0.112388246;0.029149421;0.07;4.73E+05
-0.055972241;-0.002331663;0.07;4.84E+05
-0.072327234;0.007204422;0.07;4.80E+05
-0.088216543;0.041231964;0.07;5.05E+05
-0.101284035;0.044133037;0.07;4.98E+05
-0.049425822;0.01739892;0.07;5.15E+05
-0.117344864;0.002263006;0.07;4.37E+05
-0.112109326;0.014997474;0.07;4.57E+05
-0.073489659;0.018658098;0.07;4.93E+05
-0.067136951;0.012022389;0.07;4.91E+05
-0.074090794;0.041518401;0.07;5.18E+05
-0.111755326;0.006706865;0.07;4.47E+05
-0.105766945;0.022330541;0.07;4.70E+05
-0.092303574;0.027004179;0.07;4.86E+05
-0.091098495;0.013489645;0.07;4.71E+05
-0.080068067;0.023245255;0.07;4.92E+05
-0.061957069;0.004393444;0.07;4.87E+05
-0.09795896;0.01814656;0.07;4.71E+05
-0.085820243;0.019000936;0.07;4.82E+05
-0.049487941;0.004629698;0.07;5.00E+05
0.139560252;0.132997259;0.07;9.35E+05
-0.137088567;-0.136730805;0.07;1.63E+05
-0.093744479;-0.119915366;0.07;2.32E+05
0.134415343;0.137903705;0.07;9.37E+05
-0.149197072;-0.118983261;0.07;1.91E+05
0.122831985;0.148128077;0.07;9.15E+05
0.125118375;0.095134124;0.07;8.76E+05
0.145356268;0.130669504;0.07;9.24E+05
0.143202901;0.12747708;0.07;9.29E+05
-0.09341608;-0.141879573;0.07;2.38E+05
-0.080999389;-0.125537753;0.07;2.73E+05
-0.090142012;-0.117218733;0.07;2.49E+05
0.106295139;0.095430143;0.07;8.52E+05
0.088713549;0.101259217;0.07;8.21E+05
0.084064812;0.093837209;0.07;7.95E+05
0.087327749;0.143267557;0.07;8.43E+05
0.135356203;0.097868346;0.07;8.81E+05
0.154106066;0.113144338;0.07;8.91E+05
0.144955784;0.124097355;0.07;9.23E+05
0.149385899;0.125889674;0.07;9.15E+05
0.124103203;0.089899004;0.07;8.55E+05
0.094316676;0.153589144;0.07;8.53E+05
0.107716642;0.087895066;0.07;8.30E+05
-0.085230112;-0.147566363;0.07;2.64E+05
-0.154596269;-0.102337196;0.07;2.30E+05
0.150873855;0.120039083;0.07;9.07E+05
0.098263979;0.165721014;0.07;8.49E+05
-0.006067338;-0.185973704;0.07;4.01E+05
0.138620451;-0.126080483;0.07;5.57E+05
-0.08090733;0.165890977;0.07;6.05E+05
-0.138233662;0.129349113;0.07;5.44E+05
-0.132739574;0.11535795;0.07;5.38E+05
-0.16591695;0.086150698;0.07;4.99E+05
-0.072971121;-0.126752049;0.07;2.95E+05
0.084107123;0.119352788;0.07;8.32E+05
0.081396662;0.13742058;0.07;8.29E+05
0.151375711;0.082974143;0.07;8.28E+05
-0.15101631;-0.091262259;0.07;2.52E+05
0.14650026;0.120617919;0.07;9.17E+05
-0.082747005;-0.154038712;0.07;2.73E+05
0.084123805;0.154474899;0.07;8.29E+05
-0.161146834;-0.082467087;0.07;2.78E+05
0.141980678;0.079253286;0.07;8.23E+05
0.074851632;0.130650714;0.07;8.11E+05
0.078424223;0.111158326;0.07;8.07E+05
-0.078459956;-0.144911692;0.07;2.80E+05
0.117819004;0.081609912;0.07;8.23E+05
-0.0265;0.16734758;0.07;6.57E+05
-0.127256989;0.107725151;0.07;5.36E+05
-0.128536567;0.126964942;0.07;5.49E+05
-0.111587673;-0.077143848;0.07;2.95E+05
-0.057772558;-0.114992149;0.07;3.38E+05
-0.073316023;-0.114607707;0.07;3.02E+05
0.123102076;0.080044352;0.07;8.22E+05
0.128259137;0.078911744;0.07;8.21E+05
0.076945432;0.15704757;0.07;8.12E+05
-0.071399845;-0.177627861;0.07;3.06E+05
-0.066994801;-0.153944805;0.07;3.07E+05
-0.15977706;0.082901977;0.07;4.99E+05
-0.060174815;-0.167813882;0.07;3.22E+05
-0.106603689;0.142440483;0.07;5.73E+05
-0.023429513;0.158746332;0.07;6.57E+05
0.128233299;-0.121363349;0.07;5.54E+05
-0.093583733;0.151953861;0.07;5.88E+05
0.133122399;0.076542839;0.07;8.16E+05
-0.136771291;-0.059088565;0.07;3.24E+05
-0.061220143;-0.156746432;0.07;3.18E+05
0.047131226;0.15432775;0.07;7.55E+05
-0.051536448;-0.124261737;0.07;3.45E+05
-0.178032771;0.011089611;0.07;4.22E+05
0.067783572;0.129842192;0.07;7.93E+05
-0.113706589;-0.067489475;0.07;3.18E+05
-0.076995023;-0.068868481;0.07;3.63E+05
-0.17295672;-0.015797261;0.07;3.90E+05
-0.11393325;0.104583971;0.07;5.43E+05
0.160997689;0.049525898;0.07;7.60E+05
0.126673207;0.075216383;0.07;8.10E+05
0.05973943;0.13486065;0.07;7.76E+05
-0.115220457;-0.073342346;0.07;3.02E+05
-0.119787276;-0.060614832;0.07;3.29E+05
-0.15618296;-0.048850782;0.07;3.41E+05
0.121874683;0.06219564;0.07;7.76E+05
0.046407782;0.097827219;0.07;7.23E+05
0.118240304;-0.11638958;0.07;5.51E+05
-0.049356826;-0.142525211;0.07;3.42E+05
-0.038835175;-0.109312899;0.07;3.80E+05
0.054639779;-0.150393531;0.07;4.78E+05
0.099207744;0.053026252;0.07;7.37E+05
0.106374413;0.051786341;0.07;7.41E+05
0.133662716;0.067811117;0.07;7.94E+05
0.153623804;-0.067787081;0.07;6.10E+05
-0.024463244;0.15181075;0.07;6.53E+05
0.173892424;-0.021351099;0.07;6.65E+05
-0.172578052;0.02094797;0.07;4.35E+05
0.061951764;0.154730588;0.07;7.83E+05
0.060518168;0.149868518;0.07;7.80E+05
-0.124782227;0.09003529;0.07;5.24E+05
0.050249767;0.149403647;0.07;7.60E+05
0.144818082;-0.053717449;0.07;6.19E+05
-0.028017223;0.142886519;0.07;6.45E+05
-0.165483668;5.62E-05;0.07;4.12E+05
-0.160842985;-0.005448187;0.07;4.06E+05
0.128850862;0.065375276;0.07;7.87E+05
0.028962096;0.157991216;0.07;7.26E+05
-0.023704073;0.146209657;0.07;6.52E+05
-0.017971734;0.143728495;0.07;6.57E+05
0.056133721;0.141886458;0.07;7.70E+05
0.154846132;0.043628048;0.07;7.49E+05
-0.122973457;-0.054760877;0.07;3.39E+05
-0.003550099;-0.16845566;0.07;4.07E+05
0.113751829;0.057520233;0.07;7.60E+05
-0.00848153;-0.161236048;0.07;4.02E+05
-0.165681481;-0.030225959;0.07;3.71E+05
0.160223112;0.036574695;0.07;7.38E+05
0.07427486;0.045766257;0.07;6.95E+05
-0.090654314;0.145944402;0.07;5.87E+05
0.055386085;0.149670437;0.07;7.70E+05
-0.142255589;0.063756675;0.07;4.91E+05
0.037596479;-0.148159087;0.07;4.62E+05
0.023854015;-0.169784546;0.07;4.39E+05
0.054117236;0.131263092;0.07;7.63E+05
-0.080444448;0.124978065;0.07;5.83E+05
0.030168962;0.14381057;0.07;7.24E+05
0.054035746;-0.141252965;0.07;4.82E+05
0.046445124;-0.140212059;0.07;4.75E+05
0.086075217;-0.131330609;0.07;5.17E+05
0.093640611;-0.117018349;0.07;5.32E+05
-0.155271739;8.33E-05;0.07;4.15E+05
-0.149795085;-0.005289999;0.07;4.10E+05
0.021560276;0.132229701;0.07;7.06E+05
0.030617222;0.063936174;0.07;6.61E+05
0.051757794;0.051872049;0.07;6.75E+05
0.028422561;0.054734577;0.07;6.47E+05
0.082087323;0.046635203;0.07;7.06E+05
-0.072222471;-0.047713533;0.07;4.04E+05
-0.105883397;-0.029040443;0.07;3.99E+05
-0.022051664;0.138339818;0.07;6.50E+05
-0.122306153;-0.046957672;0.07;3.55E+05
-0.121457309;-0.040803593;0.07;3.67E+05
0.028204287;0.112776838;0.07;7.05E+05
0.034646913;0.128547266;0.07;7.25E+05
0.028648347;-0.156398058;0.07;4.49E+05
-0.034967613;0.121831;0.07;6.26E+05
0.046118658;0.137639895;0.07;7.50E+05
-0.148870125;-0.01820985;0.07;3.92E+05
0.03464989;0.098479688;0.07;7.03E+05
0.034444735;0.090746529;0.07;6.96E+05
0.144733861;-0.076204136;0.07;5.98E+05
0.07731536;0.034234691;0.07;6.81E+05
0.119728655;0.04418068;0.07;7.37E+05
-0.147047833;-0.035383172;0.07;3.66E+05
-0.026502047;-0.09663377;0.07;4.11E+05
-0.034486618;-0.085638054;0.07;4.09E+05
-0.081850044;0.105385333;0.07;5.69E+05
0.127266198;-0.088882312;0.07;5.78E+05
0.0295405;-0.137559205;0.07;4.59E+05
0.100904517;0.036332943;0.07;7.08E+05
0.108409129;0.036412392;0.07;7.15E+05
-0.016788803;0.135090292;0.07;6.54E+05
0.022038911;0.124883153;0.07;7.02E+05
-0.032325346;-0.05268367;0.07;4.49E+05
-0.127598062;-0.032667667;0.07;3.78E+05
0.048395857;-0.134038687;0.07;4.81E+05
0.045011591;-0.128750801;0.07;4.80E+05
0.059399966;-0.13243489;0.07;4.93E+05
0.13905336;-0.013732124;0.07;6.60E+05
0.126753494;-0.022267608;0.07;6.43E+05
-0.024183484;-0.132480294;0.07;3.90E+05
0.145789355;0.029460333;0.07;7.24E+05
0.025362982;0.080767728;0.07;6.72E+05
-0.140653908;-0.005449606;0.07;4.14E+05
0.000967128;0.120448247;0.07;6.69E+05
0.008668785;0.122047439;0.07;6.81E+05
0.011194947;0.112951465;0.07;6.79E+05
-0.029803334;-0.089233697;0.07;4.13E+05
0.133941188;0.038914394;0.07;7.35E+05
-0.115942121;0.056349546;0.07;5.00E+05
0.161733896;0.006242959;0.07;6.94E+05
0.15809381;0.013872313;0.07;7.04E+05
-0.015246832;0.120185599;0.07;6.48E+05
0.02966986;0.093464762;0.07;6.91E+05
0.043385416;0.047178462;0.07;6.58E+05
0.002867952;-0.162185803;0.07;4.17E+05
-0.129518494;0.006366173;0.07;4.35E+05
-0.134377554;-0.005428591;0.07;4.17E+05
-0.064880535;0.103729963;0.07;5.83E+05
0.015003102;-0.162147656;0.07;4.31E+05
0.013559084;-0.156624973;0.07;4.32E+05
0.071512222;-0.128820568;0.07;5.06E+05
-0.027430913;-0.123903148;0.07;3.89E+05
-0.118079618;0.037236378;0.07;4.79E+05
0.003619053;0.111520827;0.07;6.67E+05
0.078254387;-0.126108587;0.07;5.14E+05
0.019140557;-0.131819576;0.07;4.50E+05
-0.07872276;0.090162486;0.07;5.59E+05
0.141632333;0.024970887;0.07;7.15E+05
0.057651337;-0.125985399;0.07;4.95E+05
0.019419728;0.090090789;0.07;6.72E+05
0.007038111;0.049861241;0.07;6.14E+05
-0.023424959;-0.044665922;0.07;4.70E+05
-0.008282039;-0.127552196;0.07;4.16E+05
-0.020692349;-0.089256845;0.07;4.26E+05
-0.02586155;-0.091853388;0.07;4.16E+05
0.011337143;-0.149862081;0.07;4.31E+05
-0.118658789;-0.017632034;0.07;4.08E+05
-0.020285344;-0.081371434;0.07;4.34E+05
-0.07035356;0.094313227;0.07;5.70E+05
0.099769458;0.018153451;0.07;6.79E+05
0.069287293;-0.1225354;0.07;5.08E+05
-0.031075114;-0.036380928;0.07;4.71E+05
-0.104685359;0.033738568;0.07;4.84E+05
0.123280071;-0.008887772;0.07;6.58E+05
0.106678829;-0.058485299;0.07;5.91E+05
-0.006261115;-0.119781479;0.07;4.24E+05
0.098965399;-0.061841711;0.07;5.82E+05
-0.105853826;0.003286317;0.07;4.46E+05
0.135735989;0.020706834;0.07;7.06E+05
0.10764645;0.015383182;0.07;6.81E+05
0.118405461;0.024505973;0.07;7.02E+05
-0.074688889;0.080873512;0.07;5.55E+05
-0.072399169;0.087613747;0.07;5.63E+05
-0.007074459;0.04773704;0.07;5.95E+05
0.052569293;0.011587597;0.07;6.23E+05
-0.000706904;0.103417501;0.07;6.55E+05
-0.004096068;0.098036081;0.07;6.46E+05
0.004289822;-0.153449163;0.07;4.21E+05
-0.004627025;-0.072413594;0.07;4.65E+05
-0.105350167;0.051521167;0.07;5.03E+05
-0.018104682;-0.060760371;0.07;4.59E+05
-0.014288046;-0.036546595;0.07;4.91E+05
0.007863822;-0.144387662;0.07;4.29E+05
-0.101216003;0.027722698;0.07;4.80E+05
-0.085690327;0.060740516;0.07;5.27E+05
-0.005082727;-0.06505885;0.07;4.72E+05
-0.036305066;-0.018300854;0.07;4.86E+05
-0.095229238;0.006353256;0.07;4.59E+05
0.002989555;0.094696097;0.07;6.53E+05
0.105801128;0.000149277;0.07;6.58E+05
0.114711843;-0.001201496;0.07;6.62E+05
0.095397003;-0.005677649;0.07;6.42E+05
0.007530115;-0.117553785;0.07;4.44E+05
0.006984352;-0.099455074;0.07;4.56E+05
0.092409492;-0.063632809;0.07;5.75E+05
0.13309373;0.007198255;0.07;6.85E+05
0.130517319;0.003033485;0.07;6.78E+05
-0.099159658;0.052904505;0.07;5.09E+05
0.0575523;0.005437687;0.07;6.21E+05
-0.022593988;-0.02752736;0.07;4.92E+05
0.017536959;-0.109453768;0.07;4.62E+05
0.090757951;-0.049002621;0.07;5.88E+05
0.123980351;0.004312684;0.07;6.76E+05
-0.030455448;-0.021462787;0.07;4.89E+05
0.055778809;-0.098754346;0.07;5.12E+05
0.001834383;0.07817582;0.07;6.37E+05
0.084360927;-0.053765249;0.07;5.78E+05
0.084432684;-0.009111297;0.07;6.28E+05
0.080040462;-0.014594128;0.07;6.18E+05
-0.086060643;0.008897302;0.07;4.69E+05
0.031201821;-0.09217757;0.07;4.91E+05
0.003966891;0.013982791;0.07;5.70E+05
0.033869185;-0.005629411;0.07;5.82E+05
0.038697034;-0.012064627;0.07;5.79E+05
-0.055117432;0.023378588;0.07;5.16E+05
-0.050293095;0.040992294;0.07;5.40E+05
-0.033091463;0.05829357;0.07;5.76E+05
0.070162378;-0.015326443;0.07;6.08E+05
0.020277118;0.009468625;0.07;5.84E+05
0.017029045;0.012747208;0.07;5.84E+05
-0.003418862;-0.012556933;0.07;5.31E+05
-0.03773135;0.01747934;0.07;5.27E+05
0.022957729;-0.004785904;0.07;5.70E+05
0.035942588;-0.023058614;0.07;5.64E+05
-0.058002159;0.033821225;0.07;5.25E+05
0.028389307;-0.084010392;0.07;4.95E+05
0.073470272;-0.055203963;0.07;5.67E+05
0.055917844;-0.022827921;0.07;5.85E+05
0.007605044;0.009455427;0.07;5.69E+05
0.00632976;0.002959706;0.07;5.60E+05
-0.016764525;-0.001357296;0.07;5.29E+05
0.011435376;-0.039497763;0.07;5.18E+05
0.060922802;-0.043578859;0.07;5.67E+05
0.014517975;0.005675271;0.07;5.73E+05
0.054597504;-0.063508697;0.07;5.41E+05
-0.00641221;0.002712085;0.07;5.46E+05
-0.004034658;-0.006434127;0.07;5.38E+05
0.021980951;-0.033005014;0.07;5.38E+05
0.017442633;-0.008209183;0.07;5.60E+05
0.011924626;-0.004274937;0.07;5.58E+05
0.018490791;-0.040075976;0.07;5.26E+05
0.037242085;-0.069860742;0.07;5.17E+05
0.040528175;-0.062574014;0.07;5.27E+05
0.05481299;-0.050256245;0.07;5.54E+05
0.04304906;-0.050324787;0.07;5.42E+05
