-0.021846565;0.213887185;0;6.72E+05;1.31E+06
-0.043466978;0.210560262;0;6.52E+05;1.26E+06
0;0.215000004;0;6.94E+05;1.35E+06
-0.06463743;0.205053657;0;6.32E+05;1.22E+06
0.062411204;0.205742165;0;7.69E+05;1.51E+06
0.021073686;0.213964716;0;7.16E+05;1.40E+06
0.08227694;0.198634103;0;8.00E+05;1.58E+06
0.167187542;0.135178864;0;9.02E+05;1.79E+06
0.137120485;0.165598825;0;9.04E+05;1.80E+06
0.119968586;0.178416759;0;8.72E+05;1.73E+06
0.190637976;0.099409066;0;8.30E+05;1.64E+06
0.198634103;0.08227694;0;8.00E+05;1.58E+06
0.205094233;0.06450858;0;7.72E+05;1.52E+06
0.210990295;-0.041329097;0;6.54E+05;1.27E+06
0.214054883;-0.020137223;0;6.74E+05;1.31E+06
0.213805333;0.022633553;0;7.18E+05;1.41E+06
0.198634103;-0.08227694;0;6.17E+05;1.19E+06
0.135178864;-0.167187542;0;5.33E+05;1.01E+06
0.15113838;-0.152912349;0;5.49E+05;1.05E+06
0.178416759;-0.119968586;0;5.82E+05;1.12E+06
0.099409066;-0.190637976;0;4.99E+05;9.42E+05
0.08227694;-0.198634103;0;4.84E+05;9.10E+05
0.06450858;-0.205094233;0;4.68E+05;8.76E+05
-0.041329097;-0.210990295;0;3.60E+05;6.48E+05
-0.020137223;-0.214054883;0;3.85E+05;7.01E+05
0.022633553;-0.213805333;0;4.29E+05;7.95E+05
-0.08227694;-0.198634103;0;3.00E+05;5.23E+05
-0.167187542;-0.135178864;0;1.99E+05;3.09E+05
-0.137120485;-0.165598825;0;1.96E+05;3.02E+05
-0.119968586;-0.178416759;0;2.29E+05;3.72E+05
-0.190637976;-0.099409066;0;2.70E+05;4.58E+05
-0.198634103;-0.08227694;0;3.00E+05;5.23E+05
-0.205094233;-0.06450858;0;3.28E+05;5.82E+05
-0.210990295;0.041329097;0;4.47E+05;8.32E+05
-0.214996338;-0.001254386;0;4.05E+05;7.44E+05
-0.213805333;-0.022633553;0;3.82E+05;6.95E+05
-0.198634103;0.08227694;0;4.84E+05;9.10E+05
-0.135108516;0.167244405;0;5.68E+05;1.09E+06
-0.165564209;0.137162298;0;5.35E+05;1.02E+06
-0.178396568;0.119998612;0;5.18E+05;9.82E+05
-0.099296756;0.190696493;0;6.01E+05;1.16E+06
-0.082280837;0.198632479;0;6.17E+05;1.19E+06
0.115696698;0.1263033;0;1.00E+06;2.00E+06
0.113499999;0.120999999;0;1.00E+06;2.00E+06
0.115696698;0.115696698;0;1.00E+06;2.00E+06
0.120999999;0.113499999;0;1.00E+06;2.00E+06
0.1263033;0.115696698;0;1.00E+06;2.00E+06
0.1285;0.120999999;0;1.00E+06;2.00E+06
0.1263033;0.1263033;0;1.00E+06;2.00E+06
0.120999999;0.1285;0;1.00E+06;2.00E+06
-0.115696698;-0.1263033;0;1.00E+05;1.00E+05
-0.113499999;-0.120999999;0;1.00E+05;1.00E+05
-0.115696698;-0.115696698;0;1.00E+05;1.00E+05
-0.120999999;-0.113499999;0;1.00E+05;1.00E+05
-0.1263033;-0.115696698;0;1.00E+05;1.00E+05
-0.1285;-0.120999999;0;1.00E+05;1.00E+05
-0.1263033;-0.1263033;0;1.00E+05;1.00E+05
-0.120999999;-0.1285;0;1.00E+05;1.00E+05
0.041944418;0.210868835;0;7.41E+05;1.45E+06
0.179804459;0.117878564;0;8.68E+05;1.72E+06
0.152912349;0.15113838;0;9.20E+05;1.83E+06
0.101626761;0.189465046;0;8.35E+05;1.65E+06
0.205832988;-0.062111046;0;6.35E+05;1.23E+06
0.214996338;0.001254386;0;6.95E+05;1.36E+06
0.210493684;0.043788225;0;7.44E+05;1.46E+06
0.117878564;-0.179804459;0;5.16E+05;9.78E+05
0.165598825;-0.137120485;0;5.66E+05;1.08E+06
0.189465046;-0.101626761;0;5.99E+05;1.15E+06
-0.062111046;-0.205832988;0;3.32E+05;5.89E+05
0.001254386;-0.214996338;0;4.08E+05;7.50E+05
0.043788225;-0.210493684;0;4.49E+05;8.37E+05
-0.179804459;-0.117878564;0;2.32E+05;3.79E+05
-0.152912349;-0.15113838;0;1.82E+05;2.73E+05
-0.101626761;-0.189465046;0;2.65E+05;4.49E+05
-0.205832988;0.062111046;0;4.66E+05;8.72E+05
-0.214054883;0.020137223;0;4.27E+05;7.90E+05
-0.210493684;-0.043788225;0;3.57E+05;6.42E+05
-0.117787763;0.17986396;0;5.84E+05;1.12E+06
-0.151086912;0.152963221;0;5.51E+05;1.05E+06
-0.189456493;0.101642706;0;5.01E+05;9.47E+05
0.116617978;0.136677563;0;9.41E+05;1.87E+06
-0.1178784;-0.136741415;0;1.58E+05;2.23E+05
0.108700827;0.128874138;0;9.39E+05;1.87E+06
0.124851003;0.105300523;0;9.26E+05;1.84E+06
-0.109146699;-0.128629893;0;1.58E+05;2.22E+05
-0.12658304;-0.105422996;0;1.75E+05;2.59E+05
0.141196698;0.12405362;0;9.34E+05;1.86E+06
0.109181926;0.117710859;0;9.50E+05;1.89E+06
0.114132091;0.106204122;0;9.19E+05;1.83E+06
-0.109356977;-0.117595159;0;1.49E+05;2.04E+05
-0.114708878;-0.105928265;0;1.81E+05;2.71E+05
0.133017167;0.11144273;0;9.43E+05;1.88E+06
-0.128742203;-0.130045354;0;1.30E+05;1.63E+05
0.129962042;0.133408457;0;9.56E+05;1.91E+06
0.124707639;0.141116962;0;9.34E+05;1.86E+06
-0.130457714;-0.139452234;0;1.63E+05;2.33E+05
0.10100209;0.137696341;0;8.90E+05;1.77E+06
-0.102036983;-0.136921376;0;2.06E+05;3.23E+05
0.129811138;0.108525231;0;9.37E+05;1.87E+06
-0.132143036;-0.110399716;0;1.61E+05;2.29E+05
-0.109757237;-0.110186122;0;1.78E+05;2.65E+05
0.109515056;0.110325396;0;9.22E+05;1.83E+06
0.108313166;0.122244917;0;9.47E+05;1.89E+06
-0.108549573;-0.122050807;0;1.51E+05;2.08E+05
0.11864116;0.100710139;0;9.00E+05;1.79E+06
-0.120125555;-0.09986309;0;2.03E+05;3.18E+05
-0.140087813;-0.122882031;0;1.61E+05;2.28E+05
0.15281637;0.122771598;0;9.07E+05;1.80E+06
0.140648738;0.132217854;0;9.35E+05;1.86E+06
0.104706235;0.11511711;0;9.14E+05;1.82E+06
-0.104926705;-0.114956625;0;1.85E+05;2.80E+05
-0.108488843;-0.100465372;0;2.25E+05;3.63E+05
0.107827738;0.100808851;0;8.75E+05;1.74E+06
0.10140726;0.129122525;0;9.02E+05;1.79E+06
-0.102084987;-0.128650144;0;1.95E+05;3.01E+05
-0.103282847;-0.105621628;0;2.22E+05;3.58E+05
0.102873854;0.105803162;0;8.77E+05;1.74E+06
0.101791024;0.121620342;0;9.06E+05;1.80E+06
-0.102163143;-0.121297389;0;1.93E+05;2.96E+05
-0.113711238;-0.095010817;0;2.34E+05;3.84E+05
0.112739332;0.095988706;0;8.68E+05;1.72E+06
0.094260126;0.135678753;0;8.69E+05;1.72E+06
-0.09568917;-0.134959415;0;2.26E+05;3.66E+05
-0.144560799;-0.112090208;0;1.91E+05;2.93E+05
0.13992171;0.107051969;0;9.06E+05;1.80E+06
0.093773946;0.128842726;0;8.70E+05;1.73E+06
-0.094734557;-0.128342554;0;2.26E+05;3.67E+05
-0.102245025;-0.094438978;0;2.60E+05;4.39E+05
0.101539776;0.094466709;0;8.38E+05;1.66E+06
0.097897872;0.111814618;0;8.73E+05;1.73E+06
-0.098115549;-0.111559972;0;2.26E+05;3.67E+05
-0.125188619;-0.092077479;0;2.36E+05;3.87E+05
0.122437775;0.094356649;0;8.73E+05;1.73E+06
0.109657377;0.149057433;0;8.93E+05;1.77E+06
-0.110437207;-0.148446143;0;2.05E+05;3.21E+05
0.144190937;0.145031586;0;9.23E+05;1.84E+06
-0.140414253;-0.145329997;0;1.78E+05;2.64E+05
-0.148191422;-0.133202016;0;1.81E+05;2.70E+05
-0.132383987;-0.09786842;0;2.15E+05;3.44E+05
0.128695145;0.097874597;0;8.87E+05;1.76E+06
0.093150146;0.119806349;0;8.65E+05;1.71E+06
-0.093295723;-0.119352229;0;2.35E+05;3.85E+05
0.087537341;0.14045006;0;8.46E+05;1.67E+06
-0.09045776;-0.139322996;0;2.45E+05;4.06E+05
-0.096796699;-0.100938059;0;2.57E+05;4.31E+05
0.096159063;0.101033829;0;8.42E+05;1.67E+06
-0.11739967;-0.087154761;0;2.59E+05;4.35E+05
0.116476618;0.089638636;0;8.49E+05;1.68E+06
0.094400629;0.156147316;0;8.51E+05;1.69E+06
-0.095667012;-0.154200003;0;2.44E+05;4.04E+05
-0.145945743;-0.097352132;0;2.31E+05;3.77E+05
0.149482116;0.097428188;0;8.65E+05;1.71E+06
0.129138887;0.153935015;0;9.11E+05;1.81E+06
-0.127685204;-0.155884624;0;1.94E+05;2.98E+05
0.153284222;0.110943802;0;8.89E+05;1.77E+06
-0.148623571;-0.121903002;0;1.85E+05;2.80E+05
0.086162239;0.13034755;0;8.44E+05;1.67E+06
-0.087882638;-0.130228296;0;2.51E+05;4.19E+05
-0.153216332;-0.105962567;0;2.21E+05;3.55E+05
0.168235853;0.108018212;0;8.64E+05;1.71E+06
-0.15306291;-0.088400148;0;2.60E+05;4.38E+05
0.149354801;0.082777351;0;8.29E+05;1.64E+06
-0.109269477;-0.085322477;0;2.75E+05;4.69E+05
0.109295428;0.086497858;0;8.29E+05;1.64E+06
-0.130203024;-0.083261095;0;2.65E+05;4.48E+05
0.125272974;0.088937655;0;8.53E+05;1.69E+06
0.083960116;0.149730355;0;8.32E+05;1.65E+06
-0.086986207;-0.147175804;0;2.59E+05;4.36E+05
0.090833366;0.107291408;0;8.39E+05;1.66E+06
-0.09115807;-0.106875733;0;2.61E+05;4.40E+05
-0.13622573;-0.074257329;0;2.89E+05;5.00E+05
0.140379012;0.082167663;0;8.31E+05;1.64E+06
0.080525011;0.120417833;0;8.23E+05;1.63E+06
0.074898973;0.137441918;0;8.12E+05;1.60E+06
-0.079002053;-0.121086702;0;2.82E+05;4.84E+05
-0.0826675;-0.137735143;0;2.67E+05;4.53E+05
-0.09068042;-0.096130468;0;2.85E+05;4.90E+05
0.089314632;0.096203856;0;8.12E+05;1.60E+06
-0.120144844;-0.076041475;0;2.90E+05;5.02E+05
0.121169731;0.081781082;0;8.27E+05;1.64E+06
-0.160133407;-0.117512867;0;2.11E+05;3.35E+05
-0.095528811;-0.09238065;0;2.82E+05;4.83E+05
0.094375417;0.092064001;0;8.15E+05;1.61E+06
-0.150670528;-0.071052752;0;2.98E+05;5.18E+05
0.148257121;0.072073743;0;8.05E+05;1.59E+06
0.077165067;0.128599629;0;8.17E+05;1.61E+06
-0.080001198;-0.130940393;0;2.75E+05;4.69E+05
0.073139198;0.146412358;0;8.08E+05;1.59E+06
-0.082902506;-0.152677774;0;2.72E+05;4.64E+05
0.084121056;0.164941788;0;8.23E+05;1.63E+06
-0.086248793;-0.161002144;0;2.70E+05;4.59E+05
-0.128199413;-0.067148037;0;3.09E+05;5.41E+05
0.130688012;0.071899504;0;8.04E+05;1.59E+06
-0.084266126;-0.10104695;0;2.92E+05;5.05E+05
0.083660349;0.102213353;0;8.09E+05;1.60E+06
-0.108832486;-0.076994926;0;2.99E+05;5.19E+05
0.110790014;0.078945614;0;8.09E+05;1.60E+06
-0.094031654;-0.086969771;0;2.98E+05;5.17E+05
0.092820071;0.085932702;0;7.98E+05;1.57E+06
-0.101433672;-0.085952498;0;2.86E+05;4.93E+05
0.101234801;0.085769802;0;8.13E+05;1.61E+06
-0.114119351;-0.065112807;0;3.23E+05;5.71E+05
0.121104859;0.071743883;0;7.99E+05;1.58E+06
-0.169490546;-0.084551811;0;2.79E+05;4.78E+05
0.155446023;0.072116248;0;8.04E+05;1.59E+06
0.062060673;0.133901343;0;7.81E+05;1.54E+06
-0.078673489;-0.142566055;0;2.79E+05;4.77E+05
-0.073899344;-0.161613867;0;2.95E+05;5.13E+05
-0.142370328;-0.064388707;0;3.12E+05;5.47E+05
0.139830932;0.071959555;0;8.06E+05;1.59E+06
-0.085446261;-0.113392353;0;2.69E+05;4.58E+05
0.08562538;0.113895185;0;8.32E+05;1.65E+06
0.068192445;0.124475844;0;7.92E+05;1.56E+06
-0.071088187;-0.125080153;0;3.01E+05;5.24E+05
-0.078364477;-0.107093684;0;2.98E+05;5.18E+05
0.078199461;0.109022222;0;8.04E+05;1.59E+06
-0.099809825;-0.078418218;0;3.08E+05;5.38E+05
0.101142295;0.077604517;0;7.93E+05;1.56E+06
-0.072094135;-0.113548271;0;3.07E+05;5.37E+05
0.073039182;0.116295516;0;7.98E+05;1.57E+06
-0.105471976;-0.0682832;0;3.24E+05;5.73E+05
0.111302003;0.070436508;0;7.88E+05;1.55E+06
-0.175776914;-0.070682228;0;3.07E+05;5.36E+05
-0.161791608;-0.096653536;0;2.50E+05;4.16E+05
0.15912582;0.080029063;0;8.19E+05;1.62E+06
0.170558035;0.071983077;0;7.98E+05;1.57E+06
-0.165523648;-0.065708503;0;3.12E+05;5.47E+05
0.148983747;0.061899766;0;7.84E+05;1.54E+06
-0.121133156;-0.059126161;0;3.31E+05;5.88E+05
0.1301108;0.062508218;0;7.81E+05;1.54E+06
-0.070203334;-0.134517446;0;3.00E+05;5.22E+05
0.062556543;0.144853339;0;7.85E+05;1.55E+06
-0.062978961;-0.15587911;0;3.15E+05;5.55E+05
-0.086442992;-0.089700081;0;3.08E+05;5.38E+05
0.083067469;0.088955089;0;7.84E+05;1.54E+06
0.09239997;0.176298633;0;8.30E+05;1.64E+06
-0.092246234;-0.173762128;0;2.68E+05;4.56E+05
-0.065774806;-0.106653094;0;3.29E+05;5.83E+05
0.06530492;0.111302711;0;7.75E+05;1.52E+06
-0.077124983;-0.093108729;0;3.22E+05;5.68E+05
0.076584488;0.096896969;0;7.83E+05;1.54E+06
-0.084559195;-0.082997173;0;3.25E+05;5.74E+05
0.083005443;0.079690382;0;7.67E+05;1.51E+06
-0.108769678;-0.057029333;0;3.45E+05;6.18E+05
0.120893516;0.062641047;0;7.77E+05;1.53E+06
0.101134077;0.068871662;0;7.72E+05;1.52E+06
-0.17994006;-0.091983944;0;2.73E+05;4.66E+05
0.171012193;0.086724244;0;8.24E+05;1.63E+06
0.060342394;0.118858241;0;7.70E+05;1.51E+06
-0.059428897;-0.112209044;0;3.38E+05;6.02E+05
0.04993207;0.136407033;0;7.57E+05;1.49E+06
-0.066058219;-0.145326272;0;3.08E+05;5.40E+05
-0.169417962;-0.052622948;0;3.36E+05;5.97E+05
0.067538589;0.168766603;0;7.91E+05;1.56E+06
-0.056685556;-0.164629847;0;3.28E+05;5.81E+05
-0.148212284;-0.053429075;0;3.34E+05;5.93E+05
0.139443621;0.061938923;0;7.83E+05;1.54E+06
-0.077129684;-0.084555581;0;3.36E+05;5.98E+05
0.074036077;0.08574041;0;7.60E+05;1.49E+06
-0.101308033;-0.060363285;0;3.46E+05;6.20E+05
0.111717306;0.061598331;0;7.67E+05;1.51E+06
-0.071358934;-0.100340754;0;3.24E+05;5.73E+05
0.07077913;0.104065932;0;7.80E+05;1.54E+06
-0.088914014;-0.073242948;0;3.36E+05;5.99E+05
0.089306913;0.067466222;0;7.53E+05;1.48E+06
-0.055970781;-0.105747379;0;3.51E+05;6.29E+05
-0.126919165;-0.051311888;0;3.44E+05;6.15E+05
0.129176706;0.053640325;0;7.62E+05;1.50E+06
0.056387767;0.12550202;0;7.66E+05;1.51E+06
-0.057109367;-0.1280808;0;3.32E+05;5.90E+05
-0.180540606;-0.055423759;0;3.33E+05;5.92E+05
0.174893767;0.053910852;0;7.66E+05;1.51E+06
-0.160988837;-0.051232405;0;3.37E+05;6.00E+05
0.149080396;0.050596915;0;7.62E+05;1.50E+06
0.056772973;0.15787062;0;7.73E+05;1.52E+06
-0.048951473;-0.15280965;0;3.41E+05;6.09E+05
0.074697711;0.183958039;0;7.97E+05;1.57E+06
-0.071757324;-0.17801097;0;3.06E+05;5.34E+05
-0.092671603;-0.0619784;0;3.53E+05;6.35E+05
0.092989393;0.057689432;0;7.39E+05;1.45E+06
-0.076567262;-0.078143701;0;3.48E+05;6.23E+05
-0.067236446;-0.088440351;0;3.49E+05;6.26E+05
0.069006786;0.092177548;0;7.60E+05;1.49E+06
-0.059275407;-0.100423254;0;3.50E+05;6.27E+05
0.057395179;0.106095724;0;7.53E+05;1.48E+06
-0.103785463;-0.050240092;0;3.64E+05;6.57E+05
0.120829031;0.054411594;0;7.59E+05;1.49E+06
-0.051903546;-0.11543709;0;3.50E+05;6.29E+05
0.051878981;0.114232905;0;7.49E+05;1.47E+06
0.052413605;0.147084385;0;7.65E+05;1.50E+06
-0.170208067;-0.038518086;0;3.58E+05;6.44E+05
0.160080075;0.035227355;0;7.37E+05;1.44E+06
-0.045941226;-0.140502691;0;3.49E+05;6.26E+05
0.05078394;0.175721481;0;7.61E+05;1.50E+06
-0.039551482;-0.155361325;0;3.57E+05;6.43E+05
0.056459695;0.190351233;0;7.66E+05;1.51E+06
-0.140278608;-0.048033007;0;3.45E+05;6.18E+05
0.13844122;0.051925622;0;7.62E+05;1.50E+06
-0.054385394;-0.186561361;0;3.36E+05;5.98E+05
-0.06338653;-0.094277926;0;3.49E+05;6.25E+05
0.063159689;0.098945491;0;7.57E+05;1.49E+06
-0.069994167;-0.082909517;0;3.52E+05;6.32E+05
0.067627706;0.081035234;0;7.41E+05;1.45E+06
-0.082866378;-0.065178916;0;3.61E+05;6.50E+05
0.080307104;0.060559802;0;7.28E+05;1.43E+06
-0.049899761;-0.105290987;0;3.63E+05;6.55E+05
0.043425445;0.108321995;0;7.28E+05;1.43E+06
-0.09877228;-0.053907458;0;3.62E+05;6.53E+05
0.104220584;0.05029783;0;7.37E+05;1.44E+06
0.046685454;0.124538884;0;7.46E+05;1.46E+06
-0.044685587;-0.128063753;0;3.57E+05;6.42E+05
-0.119195275;-0.044444658;0;3.62E+05;6.53E+05
0.126778677;0.045241356;0;7.44E+05;1.46E+06
0.034038961;0.17948778;0;7.36E+05;1.44E+06
-0.183378473;-0.039293446;0;3.57E+05;6.43E+05
0.176235393;0.035955202;0;7.39E+05;1.45E+06
0.045198843;0.162532121;0;7.53E+05;1.48E+06
-0.035747062;-0.141200274;0;3.67E+05;6.64E+05
-0.032407042;-0.172446325;0;3.67E+05;6.64E+05
-0.15620999;-0.040127769;0;3.56E+05;6.41E+05
0.146654233;0.038197212;0;7.39E+05;1.45E+06
-0.192667156;-0.059425317;0;3.30E+05;5.87E+05
0.189695656;0.058236715;0;7.69E+05;1.51E+06
-0.072888926;-0.066175021;0;3.74E+05;6.78E+05
0.073880263;0.065503448;0;7.27E+05;1.42E+06
-0.059973586;-0.082388461;0;3.71E+05;6.72E+05
0.06185827;0.086930677;0;7.39E+05;1.45E+06
-0.090225749;-0.051002324;0;3.77E+05;6.84E+05
0.086826161;0.046416964;0;7.12E+05;1.39E+06
-0.042740494;-0.115874693;0;3.68E+05;6.65E+05
0.037759792;0.11601197;0;7.24E+05;1.42E+06
-0.051430866;-0.095941074;0;3.70E+05;6.69E+05
0.049393661;0.100300662;0;7.31E+05;1.43E+06
-0.10911002;-0.03893337;0;3.80E+05;6.90E+05
0.121042266;0.048009396;0;7.46E+05;1.46E+06
0.028358154;0.140258089;0;7.21E+05;1.41E+06
-0.033740696;-0.127719387;0;3.77E+05;6.84E+05
-0.136420831;-0.035267312;0;3.70E+05;6.69E+05
0.130379423;0.033304561;0;7.24E+05;1.42E+06
-0.196906552;-0.041180003;0;3.57E+05;6.42E+05
0.193277657;0.039209031;0;7.42E+05;1.45E+06
0.030907188;0.165138394;0;7.30E+05;1.43E+06
0.037775617;0.194882154;0;7.39E+05;1.45E+06
-0.037111208;-0.190216988;0;3.61E+05;6.51E+05
-0.027893696;-0.156562492;0;3.76E+05;6.82E+05
-0.18707554;-0.076207399;0;3.03E+05;5.28E+05
0.184993997;0.075990282;0;7.98E+05;1.57E+06
-0.057272736;0.188954026;0;6.34E+05;1.23E+06
-0.074237511;0.182801515;0;6.18E+05;1.19E+06
-0.069046348;-0.074790016;0;3.66E+05;6.62E+05
0.062427621;0.075908691;0;7.25E+05;1.42E+06
-0.055023413;-0.087985061;0;3.72E+05;6.75E+05
0.055372711;0.093119599;0;7.35E+05;1.44E+06
-0.079061255;-0.055049099;0;3.83E+05;6.98E+05
0.073398471;0.054503407;0;7.08E+05;1.38E+06
-0.041747853;-0.104168594;0;3.79E+05;6.89E+05
0.035581827;0.102507323;0;7.09E+05;1.39E+06
0.03699065;0.129152253;0;7.30E+05;1.43E+06
-0.032595214;-0.114920251;0;3.86E+05;7.05E+05
-0.093171239;-0.03507331;0;4.01E+05;7.35E+05
0.097232088;0.037793856;0;7.08E+05;1.38E+06
0.028929608;0.151822865;0;7.25E+05;1.42E+06
-0.024590274;-0.14137733;0;3.85E+05;7.02E+05
-0.114682384;-0.028280275;0;3.94E+05;7.20E+05
0.124589235;0.026319444;0;7.10E+05;1.39E+06
0.016950937;0.181289285;0;7.12E+05;1.39E+06
-0.017858818;-0.17225121;0;3.88E+05;7.07E+05
-0.184867322;-0.022315502;0;3.81E+05;6.93E+05
0.176223546;0.01787491;0;7.13E+05;1.39E+06
-0.157818154;-0.023180377;0;3.83E+05;6.96E+05
0.140730858;0.026575849;0;7.18E+05;1.40E+06
-0.069408275;-0.058979042;0;3.90E+05;7.13E+05
0.066479445;0.058987528;0;7.06E+05;1.38E+06
-0.083544754;-0.040416114;0;4.02E+05;7.38E+05
0.078232721;0.045275625;0;7.00E+05;1.37E+06
-0.032364592;-0.102537505;0;3.96E+05;7.26E+05
0.026769199;0.110227413;0;7.01E+05;1.37E+06
-0.042673182;-0.092642494;0;3.88E+05;7.09E+05
0.041501567;0.094311982;0;7.11E+05;1.39E+06
0.016711904;0.138653949;0;7.02E+05;1.37E+06
-0.022663437;-0.126950577;0;3.95E+05;7.23E+05
-0.103308171;-0.023735706;0;4.09E+05;7.53E+05
0.112853192;0.028177338;0;7.05E+05;1.38E+06
-0.054904711;-0.073045731;0;3.92E+05;7.16E+05
0.056829918;0.071258761;0;7.09E+05;1.39E+06
-0.171190843;-0.022867849;0;3.81E+05;6.93E+05
0.154747143;0.016611703;0;7.08E+05;1.38E+06
0.015587425;0.165935636;0;7.09E+05;1.38E+06
-0.014577985;-0.156150609;0;3.95E+05;7.24E+05
-0.199283361;-0.022237886;0;3.81E+05;6.93E+05
0.195222333;0.019985041;0;7.17E+05;1.40E+06
-0.121460736;-0.014939855;0;4.10E+05;7.55E+05
0.129211247;0.018216718;0;7.00E+05;1.37E+06
0.018819008;0.197428957;0;7.15E+05;1.40E+06
-0.020985564;-0.190043658;0;3.82E+05;6.96E+05
-0.045570903;-0.080447786;0;3.97E+05;7.28E+05
0.047371399;0.0855643;0;7.12E+05;1.39E+06
-0.073472977;-0.045629438;0;4.06E+05;7.45E+05
0.069256328;0.046627604;0;6.91E+05;1.35E+06
-0.06121802;-0.064314149;0;3.94E+05;7.21E+05
0.052900132;0.060674422;0;6.89E+05;1.34E+06
0.015818827;0.123765089;0;6.93E+05;1.35E+06
-0.033168003;-0.090637937;0;4.06E+05;7.46E+05
-0.021851204;-0.113330774;0;4.05E+05;7.44E+05
0.022989694;0.098851085;0;6.86E+05;1.34E+06
0.00132514;0.148974061;0;6.84E+05;1.33E+06
-0.012142671;-0.140498057;0;4.04E+05;7.43E+05
-0.088819921;-0.022806691;0;4.24E+05;7.84E+05
0.096917667;0.024834484;0;6.87E+05;1.34E+06
-0.000185603;0.181479186;0;6.91E+05;1.35E+06
-0.002147668;-0.170309097;0;4.09E+05;7.51E+05
-0.185181528;-0.004995225;0;4.02E+05;7.39E+05
0.177117303;-0.000167;0;6.90E+05;1.35E+06
-0.106194526;-0.012198777;0;4.25E+05;7.85E+05
0.115851417;0.014796252;0;6.86E+05;1.34E+06
-0.199909151;-0.002998556;0;4.04E+05;7.41E+05
0.195992276;0.000583498;0;6.94E+05;1.35E+06
-0.14532043;-0.001116671;0;4.18E+05;7.70E+05
0.136000112;0.007210967;0;6.87E+05;1.34E+06
-0.000292596;0.198137909;0;6.93E+05;1.35E+06
-0.004927224;-0.186187625;0;4.03E+05;7.39E+05
-0.066892013;0.167806417;0;6.18E+05;1.19E+06
0.092226155;-0.173881128;0;5.00E+05;9.45E+05
0.074402936;-0.18025507;0;4.84E+05;9.10E+05
-0.038826689;0.193905041;0;6.52E+05;1.27E+06
-0.063737333;-0.050834294;0;4.10E+05;7.55E+05
0.057827603;0.050638065;0;6.82E+05;1.33E+06
-0.048421767;-0.064177737;0;4.13E+05;7.61E+05
0.050066833;0.068703771;0;6.95E+05;1.36E+06
-0.067256287;-0.036483109;0;4.27E+05;7.90E+05
0.078484707;0.037438776;0;6.88E+05;1.34E+06
-0.034213074;-0.079939827;0;4.16E+05;7.66E+05
-0.021979528;-0.100391664;0;4.15E+05;7.65E+05
0.012754646;0.099759363;0;6.71E+05;1.31E+06
0.004150472;0.131327137;0;6.80E+05;1.32E+06
-0.010757816;-0.125479877;0;4.14E+05;7.63E+05
-0.057168871;-0.041857246;0;4.31E+05;7.99E+05
0.068443999;0.03768158;0;6.77E+05;1.32E+06
-0.041483168;-0.069209009;0;4.17E+05;7.69E+05
0.036361016;0.080038779;0;6.88E+05;1.34E+06
-0.055140648;-0.056967504;0;4.13E+05;7.61E+05
0.043225188;0.0594639;0;6.74E+05;1.31E+06
0.001630763;0.09967126;0;6.56E+05;1.27E+06
-0.010382886;-0.11122743;0;4.24E+05;7.83E+05
-0.011035482;0.130703673;0;6.60E+05;1.28E+06
0.001912264;-0.138297871;0;4.25E+05;7.86E+05
-0.022844449;-0.088304684;0;4.24E+05;7.85E+05
0.013690911;0.087442048;0;6.62E+05;1.29E+06
-0.157073393;0.004127845;0;4.20E+05;7.76E+05
0.158380762;-0.00183035;0;6.84E+05;1.33E+06
0.000482131;-0.154243395;0;4.16E+05;7.68E+05
0.00024865;0.165321961;0;6.88E+05;1.34E+06
-0.092879579;-0.009737417;0;4.39E+05;8.16E+05
0.101630345;0.011819349;0;6.71E+05;1.31E+06
-0.183712363;0.012365338;0;4.23E+05;7.82E+05
-0.070281185;-0.022241792;0;4.43E+05;8.25E+05
-0.017414609;0.180221081;0;6.71E+05;1.31E+06
0.012115801;-0.18414475;0;4.23E+05;7.81E+05
0.070542291;-0.162434131;0;4.88E+05;9.19E+05
-0.119545229;0.000779317;0;4.34E+05;8.05E+05
0.120250955;0.002452126;0;6.71E+05;1.31E+06
-0.082227208;0.160987705;0;6.02E+05;1.16E+06
-0.051115755;0.173295304;0;6.35E+05;1.23E+06
0.052761518;-0.186373577;0;4.63E+05;8.66E+05
0.109636694;0.163887605;0;8.72E+05;1.73E+06
-0.109622791;-0.163315773;0;2.28E+05;3.70E+05
-0.046758868;-0.047905132;0;4.37E+05;8.11E+05
0.044703864;0.049725223;0;6.63E+05;1.29E+06
-0.041917179;-0.057227396;0;4.31E+05;7.99E+05
0.033538364;0.060690522;0;6.62E+05;1.29E+06
-0.077891514;-0.015522461;0;4.45E+05;8.28E+05
0.083897263;0.019193046;0;6.66E+05;1.30E+06
-0.061081734;-0.027369542;0;4.47E+05;8.32E+05
0.069490016;0.027659932;0;6.64E+05;1.29E+06
-0.010823845;0.114383757;0;6.50E+05;1.26E+06
0.002405441;-0.123066917;0;4.34E+05;8.05E+05
-0.024202867;-0.077791803;0;4.33E+05;8.03E+05
0.0166522;0.075985245;0;6.55E+05;1.27E+06
0.003369173;0.0857789;0;6.46E+05;1.25E+06
-0.010946929;-0.097762577;0;4.33E+05;8.04E+05
-0.05129208;-0.032211263;0;4.52E+05;8.42E+05
0.058076948;0.027745267;0;6.51E+05;1.26E+06
-0.033414584;-0.070225194;0;4.28E+05;7.92E+05
0.087798521;0.008502858;0;6.55E+05;1.27E+06
-0.095090032;0.002000377;0;4.53E+05;8.46E+05
0.022455668;0.064317174;0;6.51E+05;1.26E+06
-0.070826575;-0.010827555;0;4.58E+05;8.57E+05
0.071770646;0.017371059;0;6.52E+05;1.26E+06
-0.010227495;0.098667249;0;6.39E+05;1.24E+06
-0.024906423;0.129648522;0;6.42E+05;1.24E+06
0.002058931;-0.108463906;0;4.43E+05;8.24E+05
0.017763643;-0.134808153;0;4.47E+05;8.32E+05
-0.027306004;0.145526305;0;6.48E+05;1.26E+06
-0.012391072;-0.085168958;0;4.42E+05;8.23E+05
0.007191154;0.072932251;0;6.39E+05;1.24E+06
-0.037138816;-0.04796648;0;4.49E+05;8.37E+05
0.017169176;-0.15139541;0;4.38E+05;8.14E+05
-0.166055873;0.023016198;0;4.39E+05;8.16E+05
0.159840897;-0.018787837;0;6.63E+05;1.29E+06
0.033599507;0.050779156;0;6.50E+05;1.26E+06
-0.060220823;0.153508961;0;6.18E+05;1.19E+06
-0.03454233;0.177535832;0;6.52E+05;1.27E+06
0.025181444;-0.199492157;0;4.33E+05;8.04E+05
0.015082338;-0.16822353;0;4.30E+05;7.96E+05
-0.136624828;0.019400314;0;4.48E+05;8.34E+05
-0.107537881;0.000473191;0;4.41E+05;8.21E+05
0.123994105;-0.010174816;0;6.57E+05;1.28E+06
0.105367385;-0.000778277;0;6.57E+05;1.28E+06
-0.015205557;0.163833037;0;6.69E+05;1.30E+06
-0.198617101;0.016315164;0;4.25E+05;7.85E+05
-0.07415726;0.147504821;0;6.02E+05;1.16E+06
0.052407771;-0.16553995;0;4.70E+05;8.81E+05
0.087003686;-0.158614129;0;5.03E+05;9.51E+05
-0.090748973;0.175343245;0;6.02E+05;1.16E+06
0.040903069;-0.199692875;0;4.48E+05;8.36E+05
-0.033746149;-0.0542817;0;4.46E+05;8.30E+05
0.023803826;0.052674506;0;6.39E+05;1.24E+06
-0.041494452;-0.036932048;0;4.57E+05;8.55E+05
0.045323659;0.039100967;0;6.50E+05;1.26E+06
-0.055441767;-0.017845135;0;4.66E+05;8.72E+05
0.059649315;0.016820837;0;6.38E+05;1.24E+06
-0.02391148;0.113536932;0;6.33E+05;1.23E+06
0.017066354;-0.119524062;0;4.55E+05;8.49E+05
-0.071196728;-0.003266922;0;4.68E+05;8.77E+05
0.074547604;0.006577408;0;6.40E+05;1.24E+06
-0.01505871;-0.073471665;0;4.50E+05;8.39E+05
0.012450007;0.061864194;0;6.35E+05;1.23E+06
-0.04117037;0.143237814;0;6.31E+05;1.22E+06
0.034949549;-0.148235619;0;4.60E+05;8.59E+05
-0.007844871;0.083278827;0;6.29E+05;1.22E+06
0.000883851;-0.094520152;0;4.52E+05;8.44E+05
-0.180247948;0.029229492;0;4.42E+05;8.21E+05
0.195373803;-0.019071262;0;6.72E+05;1.31E+06
-0.147812217;0.0276832;0;4.52E+05;8.43E+05
0.142923221;-0.020545693;0;6.54E+05;1.27E+06
0.033389583;-0.166742742;0;4.50E+05;8.40E+05
0.053148072;-0.145479679;0;4.80E+05;9.02E+05
-0.045770686;0.158131078;0;6.34E+05;1.23E+06
0.03035778;-0.183631122;0;4.42E+05;8.22E+05
-0.096913315;0.152324647;0;5.86E+05;1.13E+06
-0.066724449;0.135023773;0;6.02E+05;1.16E+06
-0.087102436;0.139789909;0;5.87E+05;1.13E+06
-0.019670768;0.197003886;0;6.72E+05;1.31E+06
-0.119741969;0.015519262;0;4.53E+05;8.45E+05
0.108410291;-0.013520412;0;6.43E+05;1.25E+06
0.069981724;-0.144596383;0;4.96E+05;9.36E+05
0.109264247;-0.165328488;0;5.17E+05;9.80E+05
-0.045744937;-0.022278497;0;4.71E+05;8.83E+05
0.047251411;0.016732752;0;6.24E+05;1.21E+06
0.077212699;-0.004841266;0;6.28E+05;1.21E+06
-0.083520122;0.005072729;0;4.67E+05;8.75E+05
-0.032267559;-0.041939724;0;4.63E+05;8.66E+05
0.022556616;0.042111445;0;6.25E+05;1.21E+06
0.016332898;0.0537019;0;6.31E+05;1.22E+06
-0.037850685;0.128579542;0;6.27E+05;1.21E+06
0.035204824;-0.130370677;0;4.69E+05;8.80E+05
-0.023234509;0.097121023;0;6.22E+05;1.20E+06
0.015552434;-0.104899667;0;4.63E+05;8.66E+05
-0.061158817;-0.004354716;0;4.77E+05;8.95E+05
0.06174878;0.005762667;0;6.26E+05;1.21E+06
-0.160612881;0.036468156;0;4.56E+05;8.51E+05
0.15948841;-0.035031796;0;6.45E+05;1.25E+06
-0.054400601;0.140000463;0;6.16E+05;1.19E+06
-0.098321922;0.130607888;0;5.73E+05;1.10E+06
-0.001281477;-0.081336394;0;4.61E+05;8.62E+05
-0.020870797;-0.062120214;0;4.54E+05;8.48E+05
-0.003107878;0.068591736;0;6.22E+05;1.20E+06
-0.077819288;0.12818642;0;5.88E+05;1.13E+06
0.124514133;-0.15403609;0;5.33E+05;1.01E+06
0.085093245;-0.143584669;0;5.10E+05;9.65E+05
-0.097029194;0.013024672;0;4.66E+05;8.72E+05
0.09101335;-0.003295456;0;6.42E+05;1.24E+06
-0.035608564;-0.027398408;0;4.76E+05;8.95E+05
0.033257321;0.028705891;0;6.23E+05;1.20E+06
-0.025157113;-0.050360404;0;4.62E+05;8.64E+05
-0.051206861;-0.007560679;0;4.83E+05;9.09E+05
0.049174298;0.005403297;0;6.12E+05;1.18E+06
-0.036560051;0.113380663;0;6.19E+05;1.20E+06
-0.071714625;0.007528948;0;4.81E+05;9.05E+05
0.063932039;-0.005497812;0;6.14E+05;1.19E+06
0.032799888;-0.114970744;0;4.76E+05;8.94E+05
-0.004768766;-0.068633847;0;4.69E+05;8.78E+05
0.004346067;0.056771159;0;6.19E+05;1.20E+06
-0.141251758;0.037160739;0;4.65E+05;8.72E+05
0.143633232;-0.034961961;0;6.38E+05;1.24E+06
-0.019835148;0.080408417;0;6.12E+05;1.18E+06
-0.069239982;0.117913939;0;5.89E+05;1.13E+06
0.013536388;-0.090637595;0;4.72E+05;8.85E+05
0.11389675;-0.142256349;0;5.32E+05;1.01E+06
-0.174581051;0.045243558;0;4.60E+05;8.59E+05
0.175837457;-0.03641586;0;6.50E+05;1.26E+06
-0.110069908;0.141837314;0;5.71E+05;1.09E+06
-0.087093644;0.120030694;0;5.75E+05;1.10E+06
0.088597804;-0.129157573;0;5.21E+05;9.88E+05
-0.130253613;0.026949368;0;4.60E+05;8.60E+05
0.126726836;-0.023344383;0;6.43E+05;1.25E+06
-0.040880133;-0.01197089;0;4.89E+05;9.22E+05
0.037016951;0.004947081;0;5.98E+05;1.15E+06
-0.025219856;-0.034083236;0;4.81E+05;9.04E+05
-0.009413823;-0.056075286;0;4.76E+05;8.93E+05
0.019611703;0.030330163;0;6.08E+05;1.17E+06
0.065703467;-0.016828848;0;6.02E+05;1.16E+06
-0.072894871;0.021686574;0;4.97E+05;9.38E+05
-0.10057085;0.023020888;0;4.75E+05;8.92E+05
0.079351567;-0.016839536;0;6.15E+05;1.19E+06
0.01246727;0.047782302;0;6.19E+05;1.20E+06
0.093579941;-0.01588578;0;6.28E+05;1.22E+06
-0.107922457;0.012056068;0;4.56E+05;8.52E+05
-0.038812287;0.095718756;0;6.03E+05;1.16E+06
0.055506136;-0.124619432;0;4.94E+05;9.32E+05
-0.076563723;0.110409036;0;5.77E+05;1.11E+06
0.029674718;-0.100566618;0;4.83E+05;9.09E+05
-0.144954517;0.057533547;0;4.84E+05;9.11E+05
0.157208622;-0.050537206;0;6.29E+05;1.22E+06
-0.09456639;0.111125872;0;5.62E+05;1.08E+06
-0.059613973;0.006448109;0;4.92E+05;9.27E+05
0.051151745;-0.005823331;0;6.01E+05;1.16E+06
0.073038824;-0.128954679;0;5.08E+05;9.61E+05
-0.114451028;0.025321011;0;4.68E+05;8.77E+05
0.110881172;-0.026744055;0;6.28E+05;1.22E+06
0.010611023;-0.076965183;0;4.80E+05;9.02E+05
-0.01457663;0.06188092;0;6.01E+05;1.16E+06
-0.123622485;0.034404863;0;4.72E+05;8.86E+05
0.128622949;-0.036488555;0;6.29E+05;1.22E+06
0.138276428;-0.140811399;0;5.49E+05;1.05E+06
-0.107318848;0.120264053;0;5.59E+05;1.07E+06
0.007766794;0.040245906;0;6.05E+05;1.17E+06
0.080394119;-0.0295051;0;6.01E+05;1.16E+06
-0.083565839;0.032856587;0;5.00E+05;9.45E+05
-0.030129368;-0.017519875;0;4.95E+05;9.34E+05
0.02240126;0.016000576;0;5.95E+05;1.14E+06
-0.015640035;-0.043831408;0;4.81E+05;9.05E+05
-0.03678054;-0.001076647;0;5.07E+05;9.59E+05
0.039338842;-0.006116949;0;5.88E+05;1.13E+06
-0.050543733;0.103819519;0;5.97E+05;1.15E+06
0.006062931;-0.064195894;0;4.87E+05;9.16E+05
0.048775338;-0.108733043;0;4.98E+05;9.40E+05
-0.058043134;0.018229179;0;5.07E+05;9.60E+05
0.052618958;-0.016875507;0;5.89E+05;1.13E+06
-0.002365568;0.049860437;0;6.03E+05;1.16E+06
-0.060650028;0.109677933;0;5.91E+05;1.14E+06
-0.133865952;0.045133002;0;4.78E+05;8.98E+05
0.142911747;-0.048782174;0;6.24E+05;1.21E+06
0.078115284;-0.116461053;0;5.20E+05;9.87E+05
-0.02551786;-0.006559453;0;5.13E+05;9.72E+05
0.025478812;0.003753533;0;5.84E+05;1.12E+06
-0.018369695;-0.024708878;0;5.00E+05;9.45E+05
-0.056503102;0.097509287;0;5.86E+05;1.13E+06
0.010930002;0.025720635;0;5.92E+05;1.14E+06
0.002502117;-0.050842416;0;4.96E+05;9.36E+05
0.015977655;-0.061136928;0;5.02E+05;9.48E+05
-0.099767983;0.037560556;0;4.92E+05;9.28E+05
0.095490545;-0.029790269;0;6.13E+05;1.18E+06
-0.066655897;0.034567229;0;5.17E+05;9.81E+05
0.066461347;-0.027858874;0;5.90E+05;1.13E+06
-0.125770792;0.051817626;0;4.90E+05;9.22E+05
0.128667071;-0.066559382;0;5.98E+05;1.15E+06
-0.05462062;0.087102421;0;5.80E+05;1.11E+06
0.09394297;-0.112003505;0;5.37E+05;1.02E+06
-0.156919196;0.071836278;0;4.91E+05;9.26E+05
0.151989624;-0.065248638;0;6.12E+05;1.18E+06
0.11041031;-0.119782075;0;5.44E+05;1.04E+06
0.043947723;-0.09509556;0;5.03E+05;9.51E+05
-0.082904473;0.102089979;0;5.65E+05;1.08E+06
-0.116214894;0.041355308;0;4.85E+05;9.12E+05
0.129536033;-0.050139088;0;6.15E+05;1.19E+06
-0.166743472;0.05971409;0;4.76E+05;8.94E+05
0.172230989;-0.053916115;0;6.32E+05;1.22E+06
-0.045373939;0.014580211;0;5.16E+05;9.79E+05
0.040618449;-0.017223124;0;5.76E+05;1.10E+06
-0.066117607;0.102401964;0;5.81E+05;1.11E+06
-0.007669178;0.040030211;0;5.86E+05;1.13E+06
-0.032911826;0.078039542;0;5.95E+05;1.15E+06
0.026550248;-0.086630248;0;4.91E+05;9.24E+05
-0.113675721;0.109084107;0;5.47E+05;1.04E+06
0.125020415;-0.129660457;0;5.47E+05;1.04E+06
-0.063516304;0.077746265;0;5.63E+05;1.08E+06
-0.013620875;-0.012912681;0;5.20E+05;9.86E+05
-0.074316725;0.050617445;0;5.27E+05;1.00E+06
0.065211564;-0.038528569;0;5.77E+05;1.11E+06
0.018395821;-0.048580356;0;5.17E+05;9.81E+05
-0.021782218;0.035197519;0;5.65E+05;1.08E+06
0.009862158;0.014355118;0;5.78E+05;1.11E+06
-0.092212364;0.042689581;0;5.04E+05;9.53E+05
0.079083949;-0.042776179;0;5.85E+05;1.12E+06
-0.003960069;-0.034682576;0;5.06E+05;9.57E+05
0.002283922;0.032208659;0;5.90E+05;1.13E+06
-0.021639539;0.005453567;0;5.32E+05;1.01E+06
-0.04543408;0.073550537;0;5.77E+05;1.11E+06
0.028676355;-0.006968222;0;5.75E+05;1.10E+06
0.03942553;-0.083019599;0;5.08E+05;9.62E+05
0.063156992;-0.099488646;0;5.19E+05;9.84E+05
0.106796704;-0.09625458;0;5.58E+05;1.07E+06
-0.054950345;0.030171836;0;5.24E+05;9.95E+05
0.053555761;-0.026965972;0;5.79E+05;1.11E+06
-0.135407597;0.064503782;0;4.96E+05;9.36E+05
0.141663715;-0.060107928;0;6.12E+05;1.18E+06
-0.070486866;0.093939565;0;5.70E+05;1.09E+06
0.083677284;-0.099510342;0;5.37E+05;1.02E+06
-0.117331572;0.057308521;0;5.00E+05;9.45E+05
0.111447617;-0.059495356;0;5.94E+05;1.14E+06
0.157501429;-0.086239837;0;5.97E+05;1.15E+06
-0.170828134;0.087513059;0;4.98E+05;9.40E+05
-0.03333218;0.010824865;0;5.25E+05;9.97E+05
0.031169582;-0.015589627;0;5.68E+05;1.09E+06
0.024191134;-0.070932142;0;5.02E+05;9.48E+05
-0.129309088;0.115661137;0;5.41E+05;1.03E+06
-0.100373082;0.102139883;0;5.51E+05;1.05E+06
0.121248983;-0.105662346;0;5.61E+05;1.07E+06
-0.028778113;0.062342942;0;5.85E+05;1.12E+06
-0.089238249;0.093187086;0;5.53E+05;1.06E+06
-0.107565351;0.031991556;0;4.80E+05;9.03E+05
0.032061409;-0.057998225;0;5.23E+05;9.93E+05
-0.00223894;0.022095654;0;5.73E+05;1.10E+06
-0.012536502;0.028912507;0;5.69E+05;1.09E+06
-0.017813426;0.017631898;0;5.50E+05;1.05E+06
-0.028059995;0.049444728;0;5.73E+05;1.10E+06
0.024714081;-0.021990398;0;5.53E+05;1.06E+06
-0.000995984;-0.018885031;0;5.27E+05;1.00E+06
0.014896253;0.000996648;0;5.68E+05;1.09E+06
0.051837079;-0.076106571;0;5.27E+05;1.00E+06
-0.040820349;0.060098153;0;5.70E+05;1.09E+06
0.042986751;-0.065862089;0;5.27E+05;1.00E+06
0.011697031;-0.034156062;0;5.25E+05;9.97E+05
-0.069581568;0.069762386;0;5.50E+05;1.05E+06
-0.063079968;0.04619056;0;5.33E+05;1.01E+06
0.055290915;-0.035207629;0;5.71E+05;1.09E+06
-0.072496489;0.060644575;0;5.39E+05;1.03E+06
0.073059462;-0.05555515;0;5.67E+05;1.09E+06
-0.043427356;0.025916293;0;5.31E+05;1.01E+06
0.03937009;-0.029502885;0;5.61E+05;1.07E+06
-0.108203098;0.047828898;0;4.97E+05;9.38E+05
0.097043902;-0.047158189;0;5.96E+05;1.15E+06
0.058259185;-0.087508164;0;5.24E+05;9.95E+05
-0.124583527;0.069235377;0;5.07E+05;9.59E+05
0.117801003;-0.081725672;0;5.78E+05;1.11E+06
0.063725077;-0.067086384;0;5.47E+05;1.04E+06
-0.030039042;0.024660895;0;5.44E+05;1.04E+06
0.002069525;0.007556242;0;5.61E+05;1.07E+06
0.019798182;-0.009771167;0;5.62E+05;1.07E+06
0.048597582;-0.040779658;0;5.58E+05;1.07E+06
-0.061994042;0.056968875;0;5.45E+05;1.04E+06
0.011708641;-0.012292206;0;5.49E+05;1.05E+06
0.040617459;-0.048825044;0;5.42E+05;1.03E+06
0.022229137;-0.031735044;0;5.40E+05;1.03E+06
-0.038469181;0.047904242;0;5.60E+05;1.07E+06
-0.098995745;0.055636279;0;5.12E+05;9.70E+05
0.087241881;-0.063627146;0;5.71E+05;1.09E+06
-0.055126105;0.068446286;0;5.63E+05;1.08E+06
0.074784324;-0.092633441;0;5.35E+05;1.02E+06
-0.050216224;0.043328185;0;5.43E+05;1.04E+06
-0.006962449;0.011742559;0;5.56E+05;1.06E+06
-0.097849965;0.083171554;0;5.38E+05;1.02E+06
0.102401532;-0.07273598;0;5.75E+05;1.10E+06
-0.130212024;0.083529614;0;5.16E+05;9.78E+05
0.0928813;-0.086841598;0;5.55E+05;1.06E+06
0.132314011;-0.09151011;0;5.79E+05;1.11E+06
-0.144931212;0.080204055;0;5.05E+05;9.54E+05
0.142747343;-0.077994153;0;5.96E+05;1.15E+06
-0.121071883;0.129573524;0;5.56E+05;1.06E+06
-0.133070186;0.100062817;0;5.27E+05;1.00E+06
0.136283681;-0.115739487;0;5.63E+05;1.08E+06
-0.081511445;0.075871438;0;5.45E+05;1.04E+06
-0.051630639;0.057198983;0;5.56E+05;1.06E+06
0.030154713;-0.039684691;0;5.40E+05;1.03E+06
-0.155357406;0.102633141;0;5.17E+05;9.80E+05
0.075700708;-0.079156108;0;5.47E+05;1.04E+06
0.052000321;-0.057497729;0;5.45E+05;1.04E+06
0.003325808;-0.004696289;0;5.49E+05;1.05E+06
-0.116556399;0.096746706;0;5.35E+05;1.02E+06
0.070418842;-0.109542593;0;5.18E+05;9.83E+05
0.147320762;-0.101181477;0;5.80E+05;1.11E+06
0.150989443;-0.126236722;0;5.65E+05;1.08E+06
-0.146902576;0.123721719;0;5.36E+05;1.02E+06
0.059876379;-0.048396479;0;5.62E+05;1.07E+06
0.181816712;-0.076443709;0;6.15E+05;1.19E+06
-0.181566775;0.071344115;0;4.81E+05;9.04E+05
0.188484445;-0.05784218;0;6.34E+05;1.23E+06
-0.189591989;0.053814512;0;4.63E+05;8.66E+05
0.192956835;-0.038627148;0;6.52E+05;1.27E+06
-0.195233852;0.035347857;0;4.44E+05;8.27E+05
-0.17075637;-0.106596522;0;2.41E+05;3.98E+05
-0.049826246;0.127186343;0;6.14E+05;1.18E+06
0.16267553;-0.11056973;0;5.81E+05;1.12E+06
0.122799233;0.135056287;0;9.57E+05;1.91E+06
0.109133758;0.138182357;0;9.16E+05;1.82E+06
0.141307637;0.116015822;0;9.23E+05;1.84E+06
-0.124312818;-0.134140283;0;1.41E+05;1.86E+05
-0.110107914;-0.137868986;0;1.80E+05;2.69E+05
-0.13641654;-0.116518587;0;1.57E+05;2.20E+05
-0.107197247;0.165699378;0;5.85E+05;1.12E+06
-0.122395575;0.153932139;0;5.69E+05;1.09E+06
-0.135770336;0.140063852;0;5.53E+05;1.06E+06
0.151660785;0.133585557;0;9.16E+05;1.82E+06
0.179513454;0.092405118;0;8.28E+05;1.64E+06
0.173065096;-0.093991645;0;5.98E+05;1.15E+06
0.007762955;-0.200093254;0;4.15E+05;7.66E+05
-0.004801142;-0.199026138;0;4.02E+05;7.37E+05
0.134757355;0.10137976;0;8.96E+05;1.78E+06
-0.138940468;-0.104241826;0;2.01E+05;3.14E+05
-0.121713884;-0.145896345;0;1.81E+05;2.71E+05
-0.135656774;-0.129844159;0;1.53E+05;2.12E+05
0.119985491;0.145744339;0;9.18E+05;1.83E+06
0.138884917;0.140009701;0;9.29E+05;1.85E+06
0.177282482;-0.018447638;0;6.69E+05;1.30E+06
-0.099796519;-0.145401344;0;2.24E+05;3.62E+05
0.098371565;0.146602482;0;8.71E+05;1.73E+06
0.166025966;-0.070793457;0;6.14E+05;1.18E+06
0.139291331;0.092591375;0;8.62E+05;1.71E+06
0.131312996;0.089876659;0;8.56E+05;1.70E+06
-0.045999605;-0.17010279;0;3.46E+05;6.20E+05
0.162443534;0.122566581;0;8.93E+05;1.77E+06
0.161681384;0.092981003;0;8.43E+05;1.67E+06
-0.138355002;-0.089860663;0;2.46E+05;4.09E+05
0.107888825;0.092205241;0;8.45E+05;1.67E+06
-0.108506382;-0.091542803;0;2.56E+05;4.30E+05
0.101830818;-0.152674675;0;5.18E+05;9.82E+05
0.130703107;0.142095655;0;9.31E+05;1.85E+06
-0.030702665;0.161554262;0;6.51E+05;1.26E+06
0.131224632;0.081228875;0;8.30E+05;1.64E+06
-0.144588351;-0.080917805;0;2.73E+05;4.66E+05
-0.159907356;-0.07758832;0;2.87E+05;4.95E+05
-0.075279787;-0.150538683;0;2.89E+05;4.98E+05
-0.153433233;0.048072033;0;4.71E+05;8.83E+05
-0.16981715;0.008252515;0;4.21E+05;7.78E+05
-0.171593219;-0.007239818;0;4.02E+05;7.37E+05
-0.055556558;-0.15002121;0;3.29E+05;5.84E+05
-0.114303902;0.083607182;0;5.26E+05;1.00E+06
-0.11154329;0.071275152;0;5.17E+05;9.81E+05
0.096346788;-0.14331086;0;5.19E+05;9.84E+05
0.102327526;-0.133338466;0;5.29E+05;1.01E+06
-0.012976488;0.147400528;0;6.65E+05;1.29E+06
0.079827711;0.157031462;0;8.19E+05;1.62E+06
0.071013846;0.156275705;0;8.01E+05;1.58E+06
0.140470266;-0.006074634;0;6.71E+05;1.31E+06
-0.086749494;-0.123619393;0;2.57E+05;4.31E+05
0.086455867;0.123563319;0;8.43E+05;1.67E+06
0.159404293;0.064208604;0;7.87E+05;1.55E+06
-0.056127615;-0.140864059;0;3.30E+05;5.85E+05
-0.109900907;0.061598454;0;5.10E+05;9.65E+05
-0.156226531;-0.060230035;0;3.20E+05;5.65E+05
-0.134582475;-0.057914518;0;3.27E+05;5.80E+05
-0.153201982;0.016387729;0;4.36E+05;8.10E+05
-0.159250453;-0.009259968;0;4.02E+05;7.37E+05
-0.104761563;0.094652839;0;5.42E+05;1.03E+06
-0.098151617;0.069397084;0;5.26E+05;9.99E+05
0.091502734;0.077723131;0;7.77E+05;1.53E+06
-0.091966905;-0.080456644;0;3.16E+05;5.56E+05
0.161404297;0.050963894;0;7.63E+05;1.50E+06
0.102366067;0.059871439;0;7.54E+05;1.48E+06
-0.114699289;-0.051781703;0;3.51E+05;6.30E+05
0.063350275;0.153181046;0;7.86E+05;1.55E+06
-0.060496226;0.12413758;0;6.01E+05;1.16E+06
0.015140158;0.151366547;0;7.04E+05;1.38E+06
-0.096661151;-0.070451587;0;3.31E+05;5.87E+05
-0.132021606;-0.042600449;0;3.58E+05;6.45E+05
-0.149641395;-0.010107536;0;4.04E+05;7.41E+05
-0.143701911;-0.020778082;0;3.90E+05;7.13E+05
-0.082697608;-0.076433726;0;3.40E+05;6.07E+05
-0.124178544;-0.035327621;0;3.75E+05;6.82E+05
0.041477609;0.150203139;0;7.45E+05;1.46E+06
-0.064882927;-0.119939066;0;3.19E+05;5.63E+05
0.079896033;0.072033361;0;7.47E+05;1.47E+06
0.112747155;0.052794229;0;7.50E+05;1.47E+06
0.095505424;0.048106026;0;7.24E+05;1.42E+06
0.039313883;0.139069885;0;7.39E+05;1.45E+06
-0.084352896;0.065503776;0;5.33E+05;1.01E+06
-0.08556053;0.054878198;0;5.22E+05;9.91E+05
-0.10902594;-0.047030706;0;3.65E+05;6.60E+05
0.135594696;0.041950848;0;7.42E+05;1.46E+06
-0.128544733;0.012639888;0;4.44E+05;8.26E+05
-0.130715758;0.003442729;0;4.31E+05;7.98E+05
-0.141513437;0.009531804;0;4.33E+05;8.03E+05
-0.056316473;0.115909278;0;6.00E+05;1.16E+06
-0.076109737;0.085204236;0;5.58E+05;1.07E+06
-0.134906173;-0.00822026;0;4.12E+05;7.60E+05
0.118062951;-0.049744718;0;6.08E+05;1.17E+06
0.11355187;-0.039677102;0;6.16E+05;1.19E+06
0.076662846;0.080505937;0;7.57E+05;1.49E+06
0.084714294;0.054265235;0;7.23E+05;1.41E+06
0.067830786;0.070461571;0;7.25E+05;1.42E+06
-0.080034711;-0.071324647;0;3.54E+05;6.36E+05
-0.074639671;-0.072306335;0;3.61E+05;6.51E+05
-0.071865246;-0.078705818;0;3.55E+05;6.39E+05
0.121341512;0.037731979;0;7.27E+05;1.42E+06
-0.144599482;-0.036018509;0;3.66E+05;6.61E+05
0.115430541;0.044365436;0;7.35E+05;1.44E+06
-0.131523788;-0.026326705;0;3.87E+05;7.05E+05
0.107250556;0.039900154;0;7.21E+05;1.41E+06
0.001671378;0.11432337;0;6.67E+05;1.30E+06
-0.098702759;-0.043521468;0;3.81E+05;6.93E+05
0.087933667;0.038015682;0;6.99E+05;1.37E+06
0.073040314;0.075917155;0;7.43E+05;1.46E+06
-0.107451759;0.020002486;0;4.67E+05;8.74E+05
-0.092116691;0.027377728;0;4.87E+05;9.17E+05
0.078613237;0.051248215;0;7.10E+05;1.39E+06
-0.064744286;-0.078605644;0;3.68E+05;6.65E+05
-0.047858276;0.114959426;0;6.08E+05;1.17E+06
-0.085543364;0.046194635;0;5.13E+05;9.72E+05
-0.077477656;0.040842779;0;5.14E+05;9.75E+05
0.027840221;0.130639836;0;7.15E+05;1.40E+06
0.020007424;0.131133482;0;7.03E+05;1.37E+06
0.013694775;0.112271808;0;6.82E+05;1.33E+06
0.061067477;0.065027237;0;7.07E+05;1.38E+06
0.088104926;0.030640556;0;6.88E+05;1.34E+06
0.080119707;0.028390136;0;6.76E+05;1.32E+06
0.056498796;0.081341788;0;7.22E+05;1.41E+06
-0.101781651;-0.032253951;0;3.97E+05;7.27E+05
-0.0659163;-0.069515675;0;3.79E+05;6.90E+05
-0.061806303;-0.073689356;0;3.80E+05;6.90E+05
0.033672661;0.121939406;0;7.20E+05;1.41E+06
0.025905363;0.121447921;0;7.07E+05;1.38E+06
-0.077428117;-0.030641493;0;4.24E+05;7.83E+05
0.053755276;0.076438278;0;7.11E+05;1.39E+06
0.048247781;0.076383457;0;7.02E+05;1.37E+06
-0.061897602;0.065014415;0;5.53E+05;1.06E+06
0.035673883;-0.073330864;0;5.13E+05;9.71E+05
-0.086259373;0.016513448;0;4.79E+05;9.00E+05
0.057347644;0.038755588;0;6.65E+05;1.29E+06
0.030480588;0.097196758;0;6.96E+05;1.36E+06
0.023533508;0.088463038;0;6.77E+05;1.32E+06
0.042338841;0.068034887;0;6.83E+05;1.33E+06
-0.081660114;-0.005836282;0;4.54E+05;8.48E+05
0.03301004;0.089853123;0;6.93E+05;1.35E+06
0.042519301;0.074892916;0;6.92E+05;1.35E+06
0.045966271;0.02805022;0;6.37E+05;1.23E+06
-0.018090492;0.046953324;0;5.82E+05;1.12E+06
-0.026347464;-0.070404954;0;4.38E+05;8.13E+05
0.034785431;0.069512285;0;6.74E+05;1.31E+06
-0.048137058;0.003236882;0;5.00E+05;9.44E+05
-0.042405557;0.035244107;0;5.42E+05;1.03E+06
-0.035005171;0.037202362;0;5.53E+05;1.06E+06
0.034776755;0.016686851;0;6.10E+05;1.18E+06
-0.038366515;-0.062611587;0;4.30E+05;7.96E+05
-0.031615153;-0.062047508;0;4.40E+05;8.17E+05
0.025663719;0.078836247;0;6.71E+05;1.30E+06
-0.064295836;-0.013907094;0;4.61E+05;8.62E+05
0.033501428;0.039980184;0;6.37E+05;1.23E+06
-0.028429562;0.040260468;0;5.63E+05;1.08E+06
0.027739473;0.070794508;0;6.65E+05;1.29E+06
0.011070475;-0.021927236;0;5.38E+05;1.02E+06
-0.00995232;-0.00030476;0;5.38E+05;1.03E+06
