0.026347108;0.213379547;0.07;9.37E+05
0.039396387;0.21135971;0.07;9.52E+05
0;0.215000004;0.07;9.03E+05
0.065000467;0.204938874;0.07;9.75E+05
-0.116237774;0.180869505;0.07;7.52E+05
-0.075134799;0.201444194;0.07;8.05E+05
-0.045701537;0.210086569;0.07;8.43E+05
-0.152027965;0.152027965;0.07;7.03E+05
-0.182010785;0.114442438;0.07;6.55E+05
-0.162949651;0.140258372;0.07;6.87E+05
-0.190043926;0.100540079;0.07;6.39E+05
-0.200892925;0.076596566;0.07;6.13E+05
-0.195834696;0.088734284;0.07;6.26E+05
-0.205199689;0.064172328;0.07;6.00E+05
-0.213421822;0.026002396;0.07;5.60E+05
-0.21145454;0.038884148;0.07;5.74E+05
-0.215000004;0;0.07;5.34E+05
-0.180869505;-0.116237774;0.07;3.91E+05
-0.195570886;-0.08931423;0.07;4.29E+05
-0.210086569;-0.045701537;0.07;4.84E+05
-0.152027965;-0.152027965;0.07;3.31E+05
-0.113630168;-0.182519004;0.07;2.78E+05
-0.140016153;-0.163157836;0.07;3.10E+05
-0.099409066;-0.190637976;0.07;2.69E+05
-0.076418147;-0.20096086;0.07;2.69E+05
-0.088064991;-0.196136579;0.07;2.67E+05
-0.06450858;-0.205094233;0.07;2.75E+05
-0.026142316;-0.21340473;0.07;3.14E+05
-0.039092083;-0.2114162;0.07;2.98E+05
0;-0.215000004;0.07;3.47E+05
0.116237774;-0.180869505;0.07;4.98E+05
0.075134799;-0.201444194;0.07;4.45E+05
0.045701537;-0.210086569;0.07;4.07E+05
0.152027965;-0.152027965;0.07;5.47E+05
0.182519004;-0.113630168;0.07;5.96E+05
0.163157836;-0.140016153;0.07;5.63E+05
0.190637976;-0.099409066;0.07;6.13E+05
0.20096086;-0.076418147;0.07;6.37E+05
0.196136579;-0.088064991;0.07;6.25E+05
0.205094233;-0.06450858;0.07;6.50E+05
0.21340473;-0.026142316;0.07;6.89E+05
0.2114162;-0.039092083;0.07;6.76E+05
0.215000004;0;0.07;7.16E+05
0.180869505;0.116237774;0.07;8.59E+05
0.201444194;0.075134799;0.07;8.02E+05
0.210086569;0.045701537;0.07;7.66E+05
0.152027965;0.152027965;0.07;9.19E+05
0.114257567;0.182126895;0.07;9.71E+05
0.140203208;0.162997112;0.07;9.39E+05
0.100282699;0.19017987;0.07;9.80E+05
0.077046558;0.200720772;0.07;9.81E+05
0.088821136;0.195795313;0.07;9.83E+05
0.051696699;0.121696696;0.07;1.15E+06
0.0495;0.127000004;0.07;1.15E+06
0.051696699;0.132303298;0.07;1.15E+06
0.057;0.134499997;0.07;1.15E+06
0.062303301;0.132303298;0.07;1.15E+06
0.064499997;0.127000004;0.07;1.15E+06
0.062303301;0.121696696;0.07;1.15E+06
0.057;0.119499996;0.07;1.15E+06
-0.051696699;-0.121696696;0.07;1.00E+05
-0.0495;-0.127000004;0.07;1.00E+05
-0.051696699;-0.132303298;0.07;1.00E+05
-0.057;-0.134499997;0.07;1.00E+05
-0.062303301;-0.132303298;0.07;1.00E+05
-0.064499997;-0.127000004;0.07;1.00E+05
-0.062303301;-0.121696696;0.07;1.00E+05
-0.057;-0.119499996;0.07;1.00E+05
0.013198447;0.214594498;0.07;9.20E+05
0.052297059;0.2085426;0.07;9.65E+05
-0.140795052;0.162486166;0.07;7.19E+05
-0.128844693;0.172116369;0.07;7.36E+05
-0.103038535;0.188700989;0.07;7.69E+05
-0.08931423;0.195570886;0.07;7.87E+05
-0.060572501;0.20629099;0.07;8.24E+05
-0.030597691;0.212811604;0.07;8.63E+05
-0.015337925;0.214452207;0.07;8.83E+05
-0.172962546;0.127706528;0.07;6.71E+05
-0.214605093;0.013025122;0.07;5.47E+05
-0.208710477;0.051623058;0.07;5.87E+05
-0.162486166;-0.140795052;0.07;3.50E+05
-0.172116369;-0.128844693;0.07;3.71E+05
-0.188700989;-0.103038535;0.07;4.10E+05
-0.201444194;-0.075134799;0.07;4.48E+05
-0.20629099;-0.060572501;0.07;4.66E+05
-0.212811604;-0.030597691;0.07;5.01E+05
-0.214452207;-0.015337925;0.07;5.17E+05
-0.127192095;-0.1733412;0.07;2.92E+05
-0.013095472;-0.214600816;0.07;3.30E+05
-0.051896688;-0.208642602;0.07;2.85E+05
0.140795052;-0.162486166;0.07;5.31E+05
0.128844693;-0.172116369;0.07;5.14E+05
0.103038535;-0.188700989;0.07;4.81E+05
0.08931423;-0.195570886;0.07;4.63E+05
0.060572501;-0.20629099;0.07;4.26E+05
0.030597691;-0.212811604;0.07;3.87E+05
0.015337925;-0.214452207;0.07;3.67E+05
0.1733412;-0.127192095;0.07;5.80E+05
0.214600816;-0.013095472;0.07;7.03E+05
0.208642602;-0.051896688;0.07;6.63E+05
0.162486166;0.140795052;0.07;8.99E+05
0.172116369;0.128844693;0.07;8.79E+05
0.188700989;0.103038535;0.07;8.39E+05
0.195570886;0.08931423;0.07;8.20E+05
0.20629099;0.060572501;0.07;7.84E+05
0.212811604;0.030597691;0.07;7.49E+05
0.214452207;0.015337925;0.07;7.33E+05
0.127589419;0.173048958;0.07;9.57E+05
0.072860479;0.131562665;0.07;1.07E+06
-0.073564887;-0.13162674;0.07;1.86E+05
0.043481577;0.131949395;0.07;1.07E+06
-0.043762371;-0.132123113;0.07;1.77E+05
0.062424496;0.142658278;0.07;1.07E+06
-0.062855125;-0.142862156;0.07;1.77E+05
-0.052002206;-0.141163483;0.07;1.71E+05
0.051382985;0.141312107;0.07;1.08E+06
-0.071434371;-0.12144614;0.07;1.84E+05
0.071371675;0.12155728;0.07;1.07E+06
0.044427056;0.123272777;0.07;1.08E+06
-0.04451219;-0.123394929;0.07;1.73E+05
0.061672505;0.113809235;0.07;1.07E+06
-0.061692718;-0.113799162;0.07;1.84E+05
-0.052706376;-0.114872321;0.07;1.75E+05
0.052682236;0.114849426;0.07;1.07E+06
-0.056876369;-0.109961279;0.07;2.11E+05
0.05685094;0.109949999;0.07;1.04E+06
-0.048325423;-0.118826352;0.07;1.64E+05
0.048276965;0.118776537;0.07;1.09E+06
-0.06666971;-0.117346257;0.07;1.75E+05
0.066645391;0.117389478;0.07;1.08E+06
0.077612884;0.12558195;0.07;1.04E+06
-0.078131855;-0.125367641;0.07;2.12E+05
0.039593991;0.127512217;0.07;1.05E+06
-0.039805289;-0.127854168;0.07;2.03E+05
0.069255114;0.138669029;0.07;1.07E+06
-0.070062272;-0.138940722;0.07;1.83E+05
-0.047480375;-0.136835769;0.07;1.67E+05
0.046960224;0.13684915;0.07;1.08E+06
-0.056675527;-0.147064492;0.07;1.93E+05
0.055911057;0.147240356;0.07;1.06E+06
0.047998454;0.111143693;0.07;1.03E+06
-0.048033286;-0.111200511;0.07;2.23E+05
0.039859112;0.119455099;0.07;1.03E+06
-0.039980348;-0.119647816;0.07;2.21E+05
-0.065871678;-0.108528346;0.07;2.33E+05
0.065841049;0.108562537;0.07;1.02E+06
0.037462138;0.136306196;0.07;1.03E+06
-0.038319048;-0.136863843;0.07;2.20E+05
0.076524191;0.115894809;0.07;1.02E+06
-0.07647714;-0.115742356;0.07;2.31E+05
0.079718113;0.134886205;0.07;1.03E+06
-0.081659615;-0.134813294;0.07;2.25E+05
-0.046623964;-0.146298438;0.07;2.10E+05
0.044880319;0.14673163;0.07;1.03E+06
-0.066547766;-0.150354266;0.07;2.12E+05
0.066255294;0.149768576;0.07;1.04E+06
-0.051839978;-0.106311619;0.07;2.45E+05
0.051813237;0.106285311;0.07;1.00E+06
-0.070954502;-0.112194009;0.07;2.26E+05
0.070953414;0.112280577;0.07;1.02E+06
0.043861177;0.115329027;0.07;1.03E+06
-0.043944564;-0.115436487;0.07;2.16E+05
-0.042270239;-0.141775385;0.07;2.12E+05
0.040613137;0.141808689;0.07;1.03E+06
0.072724193;0.146768898;0.07;1.04E+06
-0.060244918;-0.153589994;0.07;2.18E+05
-0.073218934;-0.147286862;0.07;2.15E+05
0.084409386;0.129437566;0.07;1.01E+06
0.059766933;0.153670833;0.07;1.03E+06
-0.085863709;-0.128835231;0.07;2.42E+05
0.076336056;0.139255255;0.07;1.04E+06
-0.078406759;-0.139813527;0.07;2.17E+05
-0.05088808;-0.151244298;0.07;2.17E+05
0.049321681;0.152108401;0.07;1.03E+06
0.030745477;0.126605481;0.07;9.91E+05
-0.030949839;-0.127246678;0.07;2.58E+05
0.075924747;0.15328151;0.07;1.02E+06
-0.080072783;-0.155092761;0.07;2.40E+05
-0.05381494;-0.156710178;0.07;2.29E+05
0.053541374;0.158025369;0.07;1.02E+06
0.043071054;0.107661754;0.07;9.88E+05
-0.04311163;-0.107775964;0.07;2.62E+05
0.034918927;0.115608267;0.07;9.87E+05
-0.03510296;-0.115835145;0.07;2.61E+05
-0.070078932;-0.157772973;0.07;2.34E+05
0.069345973;0.156115398;0.07;1.02E+06
0.085122071;0.139676049;0.07;1.01E+06
-0.089182109;-0.139545321;0.07;2.49E+05
0.030914595;0.139607564;0.07;9.92E+05
-0.032555472;-0.141494021;0.07;2.52E+05
-0.041604593;-0.151542872;0.07;2.39E+05
0.03792432;0.152239829;0.07;9.99E+05
-0.065136924;-0.099146217;0.07;2.84E+05
0.065071307;0.099168479;0.07;9.66E+05
0.082858279;0.119186424;0.07;1.00E+06
-0.082938872;-0.118949078;0.07;2.46E+05
0.039025623;0.111668624;0.07;9.91E+05
-0.039144043;-0.111839131;0.07;2.58E+05
-0.046238639;-0.154545397;0.07;2.35E+05
0.042967733;0.156972408;0.07;1.00E+06
0.088823557;0.123081826;0.07;9.92E+05
-0.089542426;-0.122510821;0.07;2.61E+05
-0.049498506;-0.097802736;0.07;2.97E+05
0.049494799;0.097862199;0.07;9.53E+05
0.028070254;0.122833304;0.07;9.73E+05
-0.028226242;-0.123341188;0.07;2.76E+05
0.024131136;0.136234164;0.07;9.66E+05
-0.018852163;-0.133593827;0.07;3.04E+05
0.074617811;0.107169583;0.07;9.89E+05
-0.074648947;-0.107062228;0.07;2.61E+05
-0.036551658;-0.147136286;0.07;2.46E+05
0.032175582;0.147218645;0.07;9.89E+05
0.072020784;0.162159741;0.07;1.01E+06
-0.063040465;-0.161003456;0.07;2.37E+05
0.06312272;0.159728661;0.07;1.02E+06
0.184676796;-0.08503598;0.07;6.23E+05
-0.095698431;-0.180364773;0.07;2.68E+05
-0.083969958;-0.185650125;0.07;2.65E+05
-0.072426096;-0.190415904;0.07;2.68E+05
0.193670869;-0.062497206;0.07;6.48E+05
0.062659599;0.196406811;0.07;9.76E+05
0.084119737;0.184652001;0.07;9.85E+05
0.072641321;0.190958038;0.07;9.82E+05
-0.201488793;0.022471838;0.07;5.58E+05
-0.202732548;0.010002328;0.07;5.45E+05
-0.193116844;0.059166428;0.07;5.98E+05
0.196987405;-0.050628007;0.07;6.61E+05
-0.060734756;-0.194781408;0.07;2.74E+05
-0.036642414;-0.200809091;0.07;2.98E+05
-0.048762541;-0.198310167;0.07;2.85E+05
-0.024343245;-0.202474505;0.07;3.14E+05
0.201227874;-0.026179126;0.07;6.88E+05
0.20226796;-0.013590588;0.07;7.01E+05
0.199516416;-0.03849148;0.07;6.74E+05
-0.01184189;-0.203355715;0.07;3.30E+05
0.202613458;-0.000556243;0.07;7.16E+05
-0.177491367;0.09407755;0.07;6.39E+05
-0.188653514;0.070933349;0.07;6.12E+05
-0.183444872;0.082496785;0.07;6.25E+05
0.039459135;0.201561019;0.07;9.54E+05
0.014353397;0.202912435;0.07;9.23E+05
0.027064815;0.202769235;0.07;9.40E+05
0.001232575;0.202016145;0.07;9.05E+05
0.05132426;0.199684054;0.07;9.67E+05
-0.046548624;-0.160999447;0.07;2.49E+05
0.047302403;0.162092656;0.07;1.00E+06
0.024594035;0.140952751;0.07;9.67E+05
-0.022911308;-0.139280871;0.07;2.88E+05
0.021181844;0.122551337;0.07;9.44E+05
-0.021425203;-0.12305446;0.07;3.04E+05
-0.043439198;-0.095693387;0.07;3.18E+05
0.043576978;0.095724657;0.07;9.33E+05
-0.07644891;-0.16522488;0.07;2.49E+05
0.074876502;0.168219909;0.07;9.99E+05
0.029686892;0.111741327;0.07;9.53E+05
0.076896869;0.15892151;0.07;1.01E+06
-0.03004501;-0.112019792;0.07;2.95E+05
0.080321461;0.109961472;0.07;9.85E+05
-0.080217563;-0.109915867;0.07;2.65E+05
0.092754357;0.134406477;0.07;9.91E+05
-0.095729031;-0.132278591;0.07;2.68E+05
-0.038407505;-0.157493979;0.07;2.57E+05
0.031939272;0.158631712;0.07;9.75E+05
-0.070043288;-0.094923236;0.07;3.08E+05
0.070010327;0.094949521;0.07;9.42E+05
0.088590525;0.110989019;0.07;9.66E+05
-0.087880872;-0.111225881;0.07;2.81E+05
0.041573327;0.100384571;0.07;9.49E+05
-0.041572172;-0.100524344;0.07;3.01E+05
0.018831115;0.13379702;0.07;9.46E+05
-0.017221985;-0.143322378;0.07;3.07E+05
-0.088169172;-0.162845492;0.07;2.57E+05
0.019270124;0.111730874;0.07;9.17E+05
-0.020064442;-0.112396486;0.07;3.29E+05
0.042162396;0.164944649;0.07;9.87E+05
0.034088526;0.107800819;0.07;9.56E+05
-0.034265354;-0.108038388;0.07;2.92E+05
0.100500807;0.122959316;0.07;9.61E+05
0.088327199;0.1447687;0.07;1.00E+06
-0.101280503;-0.121260546;0.07;2.93E+05
-0.096640825;-0.144609153;0.07;2.66E+05
0.093061678;0.153479427;0.07;9.90E+05
-0.09713269;-0.157327101;0.07;2.66E+05
-0.029878227;-0.153782427;0.07;2.74E+05
0.025911836;0.154739141;0.07;9.64E+05
-0.051344626;-0.091549039;0.07;3.24E+05
0.051297084;0.091779947;0.07;9.27E+05
0.037767228;0.094055302;0.07;9.14E+05
-0.037606016;-0.094412491;0.07;3.35E+05
0.023933815;0.106904954;0.07;9.19E+05
-0.024725715;-0.107436582;0.07;3.26E+05
0.014205759;0.117076881;0.07;9.11E+05
-0.014902529;-0.11759112;0.07;3.36E+05
0.041977834;0.169953048;0.07;9.80E+05
0.014211604;0.127596021;0.07;9.26E+05
-0.014176401;-0.128008962;0.07;3.24E+05
0.101321533;0.153137282;0.07;9.78E+05
-0.105124176;-0.149541944;0.07;2.79E+05
0.008350891;0.122336976;0.07;9.02E+05
0.012686844;0.135810211;0.07;9.27E+05
-0.012832183;-0.13825269;0.07;3.21E+05
0.012760187;0.106434375;0.07;8.86E+05
-0.01451456;-0.107607894;0.07;3.56E+05
-0.063699141;-0.170582309;0.07;2.52E+05
-0.041216347;-0.169750467;0.07;2.71E+05
0.034159739;0.168764964;0.07;9.69E+05
0.063780561;0.171457902;0.07;9.96E+05
0.029074833;0.102980912;0.07;9.24E+05
-0.029250091;-0.103229694;0.07;3.25E+05
0.018804818;0.150166258;0.07;9.47E+05
-0.019035034;-0.154575795;0.07;3.04E+05
-0.079998121;-0.175635338;0.07;2.60E+05
0.079125106;0.175507218;0.07;9.91E+05
0.091241241;0.166374281;0.07;9.88E+05
0.103491217;0.131724641;0.07;9.64E+05
-0.106656216;-0.127858713;0.07;2.96E+05
0.106682554;0.143438071;0.07;9.66E+05
0.104713365;0.160905346;0.07;9.74E+05
-0.101021558;-0.138275668;0.07;2.76E+05
-0.10268265;-0.164731696;0.07;2.73E+05
0.102634266;0.109871469;0.07;9.34E+05
-0.100079574;-0.11000295;0.07;3.11E+05
-0.059495773;-0.093095206;0.07;3.12E+05
0.059424039;0.093146645;0.07;9.38E+05
-0.07414747;-0.098804697;0.07;2.96E+05
0.074080586;0.098939359;0.07;9.55E+05
-0.03775572;-0.089206636;0.07;3.54E+05
0.038808771;0.089403294;0.07;8.99E+05
-0.068374351;-0.180397272;0.07;2.62E+05
0.086534366;0.103338495;0.07;9.49E+05
-0.036209099;-0.163383588;0.07;2.71E+05
-0.086805716;-0.10319905;0.07;3.02E+05
0.026956271;0.16592139;0.07;9.58E+05
0.065557301;0.181886256;0.07;9.86E+05
-0.058357727;-0.084294446;0.07;3.50E+05
0.058088295;0.084474921;0.07;9.01E+05
-0.074255556;-0.091773711;0.07;3.24E+05
0.074342601;0.091888383;0.07;9.27E+05
-0.066943526;-0.089405052;0.07;3.29E+05
0.066964142;0.089391023;0.07;9.21E+05
-0.007712071;-0.133077875;0.07;3.39E+05
0.008375376;0.132310569;0.07;9.12E+05
0.112837754;0.126942113;0.07;9.42E+05
0.007678102;0.111844786;0.07;8.83E+05
-0.009375924;-0.112399526;0.07;3.61E+05
0.033566389;0.087293364;0.07;8.82E+05
-0.031047994;-0.088530168;0.07;3.69E+05
0.096140444;0.177987397;0.07;9.81E+05
-0.108239144;-0.173305407;0.07;2.77E+05
-0.053328808;-0.177070305;0.07;2.66E+05
-0.043118771;-0.179430932;0.07;2.78E+05
-0.051416848;-0.084317252;0.07;3.54E+05
0.051109396;0.084836662;0.07;8.98E+05
0.082839117;0.097922184;0.07;9.38E+05
-0.083131224;-0.097551696;0.07;3.14E+05
-0.065139622;-0.082535356;0.07;3.55E+05
0.065127008;0.082488813;0.07;8.95E+05
-0.031474065;-0.094703905;0.07;3.47E+05
0.030818487;0.093416065;0.07;8.97E+05
-0.073688708;-0.086730249;0.07;3.42E+05
0.073973596;0.086852133;0.07;9.08E+05
-0.009131094;-0.103041127;0.07;3.80E+05
0.005842046;0.101718433;0.07;8.59E+05
-0.003341678;-0.116964489;0.07;3.70E+05
0.002040413;0.117224991;0.07;8.77E+05
0.002586602;0.127816528;0.07;8.92E+05
-0.001757368;-0.127738446;0.07;3.60E+05
0.004094535;0.138610125;0.07;9.05E+05
-0.002062821;-0.138626561;0.07;3.50E+05
0.041599169;0.176489115;0.07;9.73E+05
0.097131088;0.104322866;0.07;9.32E+05
-0.045794506;-0.188603729;0.07;2.83E+05
-0.094490223;-0.106807776;0.07;3.07E+05
0.017447963;0.100438006;0.07;8.85E+05
-0.019181464;-0.10233105;0.07;3.56E+05
-0.032590285;-0.181267828;0.07;2.94E+05
-0.091624834;-0.171122119;0.07;2.64E+05
-0.030868515;-0.172311693;0.07;2.90E+05
0.039922003;0.085256159;0.07;8.85E+05
-0.03788754;-0.083331712;0.07;3.74E+05
0.022768913;0.173948646;0.07;9.45E+05
0.117314532;0.136209175;0.07;9.44E+05
-0.112229154;-0.138000667;0.07;2.96E+05
0.009492259;0.148423597;0.07;9.22E+05
-0.012093563;-0.148668498;0.07;3.21E+05
0.114670888;0.152786836;0.07;9.59E+05
0.029046273;0.08530201;0.07;8.67E+05
-0.024356153;-0.08783567;0.07;3.84E+05
0.024700221;0.097063646;0.07;8.94E+05
-0.023999365;-0.096142955;0.07;3.61E+05
0.056482703;0.076882035;0.07;8.72E+05
-0.057444252;-0.076608799;0.07;3.78E+05
-0.078489885;-0.09365169;0.07;3.21E+05
0.078512989;0.093971066;0.07;9.30E+05
-0.003766386;0.122959062;0.07;8.70E+05
0.005176087;-0.121376127;0.07;3.85E+05
-0.004327852;-0.107309192;0.07;3.84E+05
0.00135127;0.106889404;0.07;8.59E+05
-0.07191173;-0.08023674;0.07;3.64E+05
0.072496511;0.080175214;0.07;8.86E+05
-0.031209439;-0.081920534;0.07;3.90E+05
0.035861127;0.080741778;0.07;8.64E+05
-0.044589452;-0.084098756;0.07;3.62E+05
0.044722304;0.084820822;0.07;8.91E+05
0.000250622;0.146487147;0.07;8.99E+05
-0.003060007;-0.147501871;0.07;3.44E+05
0.004235019;-0.13404426;0.07;3.69E+05
-0.002546221;0.134212658;0.07;8.85E+05
0.108970001;0.102010749;0.07;9.09E+05
-0.103424959;-0.102473453;0.07;3.32E+05
0.092720471;0.098681495;0.07;9.25E+05
-0.094715349;-0.098851115;0.07;3.27E+05
-0.021790553;-0.18243818;0.07;3.11E+05
0.009105454;0.096497349;0.07;8.55E+05
-0.007973711;-0.094821177;0.07;4.01E+05
0.014096893;0.158733428;0.07;9.33E+05
0.029921962;0.183982939;0.07;9.51E+05
0.05095942;0.190927818;0.07;9.71E+05
-0.034472298;-0.190821081;0.07;2.97E+05
0.042987689;0.078774341;0.07;8.67E+05
-0.038073298;-0.077262335;0.07;3.94E+05
0.028341333;0.080388293;0.07;8.51E+05
-0.024609724;-0.080374412;0.07;4.05E+05
0.063341484;0.075085178;0.07;8.68E+05
-0.063670524;-0.07518483;0.07;3.81E+05
0.000756947;-0.111269772;0.07;3.89E+05
-0.050531626;-0.076337352;0.07;3.84E+05
0.049699865;0.077823833;0.07;8.70E+05
-0.004251658;0.112187266;0.07;8.54E+05
-0.078324609;-0.077819422;0.07;3.74E+05
0.079983458;0.078134999;0.07;8.77E+05
-0.004253852;-0.098700278;0.07;4.01E+05
-0.000812718;0.097221226;0.07;8.35E+05
0.01125351;-0.129170761;0.07;3.90E+05
-0.0093764;0.129686877;0.07;8.65E+05
0.020811237;0.091194116;0.07;8.68E+05
-0.017460935;-0.085948087;0.07;4.03E+05
-0.006788159;0.140867785;0.07;8.80E+05
0.002657927;-0.145163402;0.07;3.58E+05
0.103719622;0.097132258;0.07;9.05E+05
0.10997659;0.116185986;0.07;9.32E+05
0.007383688;0.155978441;0.07;9.18E+05
-0.011419188;-0.158157825;0.07;3.23E+05
-0.10753008;-0.114382841;0.07;3.16E+05
0.019259067;0.182651863;0.07;9.35E+05
0.039981693;0.192343965;0.07;9.59E+05
0.016845882;0.094113059;0.07;8.67E+05
-0.016180432;-0.09256243;0.07;3.88E+05
-0.029193359;-0.163625613;0.07;2.86E+05
0.020326395;0.162433341;0.07;9.46E+05
-0.02289338;-0.19220823;0.07;3.13E+05
-0.020973196;-0.173273996;0.07;3.08E+05
0.124656633;0.143745705;0.07;9.41E+05
-0.122459203;-0.146037832;0.07;3.05E+05
0.011583151;0.090958625;0.07;8.48E+05
-0.009931572;-0.089850456;0.07;4.08E+05
0.021786546;0.082003675;0.07;8.44E+05
-0.017895808;-0.078720272;0.07;4.21E+05
-0.004196686;-0.092370361;0.07;4.14E+05
0.002273772;0.092200093;0.07;8.31E+05
0.010725495;-0.110794581;0.07;4.12E+05
-0.010386876;0.117822252;0.07;8.49E+05
0.054602969;0.069590427;0.07;8.47E+05
-0.05676467;-0.069867462;0.07;4.01E+05
0.070499547;0.072812893;0.07;8.62E+05
-0.069904968;-0.073034644;0.07;3.87E+05
-0.075770348;-0.070722759;0.07;3.95E+05
0.077780142;0.070394009;0.07;8.54E+05
0.014414693;-0.117291965;0.07;4.10E+05
-0.016058086;0.125016242;0.07;8.45E+05
-0.088276662;-0.079618163;0.07;3.73E+05
0.089849412;0.082349613;0.07;8.83E+05
-0.007081503;0.150836304;0.07;8.85E+05
0.005362975;-0.152814791;0.07;3.61E+05
-0.031818129;-0.075152911;0.07;4.09E+05
0.034035467;0.073227383;0.07;8.38E+05
0.113472484;0.095421493;0.07;8.90E+05
-0.112874895;-0.099057086;0.07;3.52E+05
0.093510874;0.088248514;0.07;8.96E+05
-0.100530066;-0.090073809;0.07;3.57E+05
0.115899593;0.105753668;0.07;9.06E+05
-0.11179129;-0.106163099;0.07;3.37E+05
-0.052552242;-0.070827171;0.07;4.01E+05
0.047845807;0.070873573;0.07;8.46E+05
0.00054409;0.155219346;0.07;9.03E+05
-0.004511232;-0.154318437;0.07;3.39E+05
-0.011074997;-0.164931089;0.07;3.25E+05
0.014661684;0.170736969;0.07;9.31E+05
0.028319929;0.192966655;0.07;9.44E+05
-0.010710304;-0.182829842;0.07;3.29E+05
0.124217793;0.129983127;0.07;9.28E+05
-0.123560868;-0.127451062;0.07;3.23E+05
0.087960899;0.092890382;0.07;9.15E+05
-0.088565216;-0.091859005;0.07;3.38E+05
-0.112885438;-0.156273812;0.07;2.87E+05
0.133771554;0.131734326;0.07;9.19E+05
-0.13262257;-0.135446146;0.07;3.26E+05
-0.131462723;-0.154395118;0.07;3.09E+05
-0.057038818;-0.185284764;0.07;2.71E+05
0.182783991;-0.06032148;0.07;6.47E+05
0.059975512;0.19016476;0.07;9.77E+05
0.000607615;-0.102153637;0.07;4.05E+05
0.121223785;0.162480012;0.07;9.57E+05
-0.190259695;0.01950435;0.07;5.57E+05
-0.004552478;0.102168545;0.07;8.37E+05
-0.177249536;0.065437369;0.07;6.10E+05
-0.011051699;-0.192809597;0.07;3.30E+05
0.190566882;-0.014194662;0.07;6.99E+05
0.189721018;-0.026171066;0.07;6.86E+05
0.188184097;-0.037806407;0.07;6.73E+05
0.185900331;-0.049188789;0.07;6.60E+05
-0.171893343;0.076273441;0.07;6.24E+05
0.016416501;0.192312747;0.07;9.28E+05
-0.010776557;-0.083944373;0.07;4.21E+05
0.015143472;0.08472608;0.07;8.39E+05
-0.062189411;-0.068006337;0.07;4.05E+05
0.061370928;0.067650177;0.07;8.44E+05
-0.025131935;-0.07268659;0.07;4.26E+05
0.026741054;0.073994882;0.07;8.30E+05
0.040980943;0.071990542;0.07;8.42E+05
-0.039084204;-0.071791813;0.07;4.10E+05
-0.000605273;-0.09410993;0.07;4.18E+05
-0.007346788;0.093204469;0.07;8.15E+05
0.021598572;-0.112456053;0.07;4.31E+05
-0.022686118;0.119502351;0.07;8.26E+05
0.087377049;0.075394996;0.07;8.65E+05
-0.083963648;-0.073574714;0.07;3.88E+05
0.075500488;0.062705725;0.07;8.32E+05
-0.074657597;-0.063282676;0.07;4.16E+05
0.008468778;0.083581671;0.07;8.24E+05
-0.004316952;-0.088302717;0.07;4.23E+05
0.052607507;0.062350377;0.07;8.23E+05
-0.054524556;-0.063472226;0.07;4.22E+05
0.019089745;-0.124452636;0.07;4.11E+05
-0.023423314;0.134635791;0.07;8.41E+05
0.119849972;0.096339211;0.07;8.85E+05
-0.118894413;-0.096254095;0.07;3.64E+05
-0.007978577;0.160829276;0.07;8.86E+05
0.017771384;-0.158605874;0.07;3.83E+05
0.098500855;0.092887029;0.07;9.02E+05
-0.009747389;0.107024573;0.07;8.34E+05
0.008794599;0.179530859;0.07;9.18E+05
0.004859192;0.16216296;0.07;9.13E+05
-0.00177323;-0.163554519;0.07;3.44E+05
0.129885554;0.119110517;0.07;9.08E+05
-0.010768988;-0.173556834;0.07;3.27E+05
-0.13282083;-0.116635568;0.07;3.48E+05
0.008340137;0.166470855;0.07;9.19E+05
0.179544285;-0.014913454;0.07;6.97E+05
-0.098250933;-0.078179151;0.07;3.84E+05
0.09668006;0.079400174;0.07;8.70E+05
0.178870887;-0.026075264;0.07;6.84E+05
0.17528525;-0.047518667;0.07;6.58E+05
0.177480191;-0.03686719;0.07;6.71E+05
0.132471293;0.152713895;0.07;9.39E+05
0.178851977;-0.070997424;0.07;6.34E+05
0.143015295;0.141898602;0.07;9.19E+05
-0.191479102;0.007553745;0.07;5.43E+05
-0.188376144;0.03140318;0.07;5.70E+05
0.189580426;-0.073803693;0.07;6.36E+05
0.004198832;0.190097675;0.07;9.10E+05
-0.142214999;-0.143638;0.07;3.29E+05
0.001156648;-0.192618728;0.07;3.48E+05
0.016949577;-0.105742402;0.07;4.32E+05
-0.199543118;0.034977213;0.07;5.72E+05
-0.196768746;0.047224082;0.07;5.85E+05
-0.181869864;0.054445319;0.07;5.97E+05
-0.203345761;-0.002697948;0.07;5.31E+05
0.000997803;-0.20357962;0.07;3.48E+05
0.190718994;-0.001698928;0.07;7.14E+05
-0.012829796;0.199835822;0.07;8.85E+05
0.012658731;0.076851673;0.07;8.15E+05
-0.010960656;-0.077181533;0.07;4.37E+05
0.011962262;-0.098782651;0.07;4.34E+05
-0.010205395;0.098221913;0.07;8.18E+05
-0.03359998;-0.068691485;0.07;4.26E+05
0.032022316;0.065838791;0.07;8.14E+05
-0.01817973;-0.071100749;0.07;4.41E+05
0.019457448;0.075268917;0.07;8.22E+05
-0.049696785;-0.066464409;0.07;4.17E+05
0.04589399;0.063673705;0.07;8.22E+05
-0.068203837;-0.065662518;0.07;4.10E+05
0.068368405;0.065276563;0.07;8.39E+05
-0.001624615;0.173447683;0.07;9.00E+05
-0.080568261;-0.068969518;0.07;4.00E+05
0.085199632;0.067820162;0.07;8.45E+05
0.026645405;-0.119459532;0.07;4.31E+05
-0.026865095;0.126287207;0.07;8.26E+05
0.059280045;0.060286753;0.07;8.21E+05
-0.060079739;-0.060942937;0.07;4.27E+05
0.00958851;-0.141467363;0.07;3.76E+05
-0.000286811;-0.172709823;0.07;3.46E+05
0.124928199;0.108964942;0.07;9.00E+05
-0.123045333;-0.107951403;0.07;3.49E+05
-0.001298797;0.162961349;0.07;9.00E+05
-0.024680566;0.149104908;0.07;8.50E+05
0.007975753;-0.161544159;0.07;3.63E+05
0.022345018;-0.145587578;0.07;3.99E+05
0.169252262;-0.01573069;0.07;6.94E+05
-0.092765257;-0.0734974;0.07;3.93E+05
0.094818823;0.072830595;0.07;8.55E+05
0.168568045;-0.025842877;0.07;6.82E+05
0.16718787;-0.035741661;0.07;6.69E+05
0.006255614;-0.089955956;0.07;4.39E+05
-0.004455259;0.087859348;0.07;8.10E+05
0.173984781;-0.081440218;0.07;6.22E+05
-0.185593203;0.043151572;0.07;5.84E+05
0.023479175;-0.101304367;0.07;4.51E+05
0.172424063;-0.05775404;0.07;6.46E+05
-0.177916884;0.028497014;0.07;5.69E+05
-0.192155108;-0.004568664;0.07;5.29E+05
-0.008594935;0.186105892;0.07;8.90E+05
-0.179675594;0.01722838;0.07;5.55E+05
0.179418519;-0.003270717;0.07;7.11E+05
-0.00422011;-0.082683794;0.07;4.36E+05
0.039011285;0.064670287;0.07;8.18E+05
-0.041853458;-0.066820107;0.07;4.22E+05
-0.026629312;-0.063652165;0.07;4.49E+05
0.024580564;0.066865929;0.07;8.07E+05
0.024700429;-0.132283688;0.07;4.14E+05
-0.051687766;-0.057374153;0.07;4.42E+05
0.050753448;0.055244952;0.07;8.01E+05
-0.072448142;-0.055344824;0.07;4.38E+05
0.072971664;0.054888103;0.07;8.10E+05
-0.082504563;-0.06153987;0.07;4.21E+05
0.082831584;0.059879579;0.07;8.24E+05
0.010390949;-0.170935065;0.07;3.65E+05
0.002093352;-0.082701013;0.07;4.47E+05
-0.03377384;0.125273421;0.07;8.13E+05
0.011925477;-0.090620838;0.07;4.48E+05
0.066082351;0.05772908;0.07;8.16E+05
0.020047732;-0.095045358;0.07;4.55E+05
-0.066086285;-0.058227431;0.07;4.32E+05
-0.017934207;0.111230202;0.07;8.24E+05
0.121530429;0.123020075;0.07;9.24E+05
-0.115545832;-0.119833834;0.07;3.21E+05
-0.012976675;0.168939158;0.07;8.79E+05
0.028194202;-0.107619174;0.07;4.50E+05
0.009882028;0.069766782;0.07;7.93E+05
-0.010801138;-0.069895759;0.07;4.55E+05
0.159941673;-0.01649027;0.07;6.92E+05
0.128019422;0.097675033;0.07;8.79E+05
-0.125868812;-0.090205319;0.07;3.82E+05
0.158589616;-0.025266899;0.07;6.80E+05
0.027326601;-0.154801473;0.07;4.02E+05
-0.019617876;0.160100266;0.07;8.65E+05
0.16814965;-0.09187641;0.07;6.08E+05
0.168637559;-0.067638151;0.07;6.34E+05
-0.092884824;-0.062975489;0.07;4.19E+05
-0.011370449;0.084716789;0.07;7.91E+05
0.092602663;0.065358222;0.07;8.37E+05
-0.175176218;0.039484322;0.07;5.83E+05
0.005769441;0.078271605;0.07;8.07E+05
0.165249839;-0.045498285;0.07;6.57E+05
0.168822587;-0.00520779;0.07;7.08E+05
-0.180708244;0.005702518;0.07;5.41E+05
-0.003767918;-0.076171808;0.07;4.51E+05
-0.032808218;-0.058756791;0.07;4.55E+05
0.029936077;0.058047839;0.07;7.90E+05
-0.018283458;-0.063091889;0.07;4.61E+05
0.017061828;0.068130948;0.07;8.00E+05
-0.045586441;-0.060769536;0.07;4.37E+05
0.044108648;0.056285951;0.07;7.99E+05
-0.079144456;-0.052158278;0.07;4.45E+05
0.08012446;0.051685341;0.07;8.03E+05
-0.057565801;-0.054290414;0.07;4.47E+05
0.057160322;0.053104028;0.07;8.00E+05
0.002903232;0.071566425;0.07;7.87E+05
0.007447708;-0.083867721;0.07;4.53E+05
-0.014076915;0.090080597;0.07;7.97E+05
-0.096490935;-0.068303242;0.07;4.07E+05
0.102099493;0.071109638;0.07;8.46E+05
0.070172958;0.047124617;0.07;7.90E+05
-0.06947013;-0.047491286;0.07;4.60E+05
-0.035308015;0.136127055;0.07;8.20E+05
0.148003161;-0.023061913;0.07;6.80E+05
-0.089145072;-0.056268144;0.07;4.35E+05
0.029366735;-0.09732566;0.07;4.67E+05
-0.001215544;0.081495605;0.07;8.02E+05
0.090091519;0.057171684;0.07;8.17E+05
0.032357;-0.127071127;0.07;4.33E+05
0.120890342;0.086767748;0.07;8.66E+05
0.034190156;-0.102524243;0.07;4.67E+05
-0.02778763;0.1662772;0.07;8.53E+05
-0.119009145;-0.082328878;0.07;3.91E+05
0.012336687;-0.180886403;0.07;3.67E+05
0.03067041;-0.140839309;0.07;4.17E+05
0.02116221;-0.168262377;0.07;3.85E+05
0.16264236;-0.054936644;0.07;6.45E+05
0.026522895;-0.091595925;0.07;4.71E+05
-0.030906798;0.116401941;0.07;8.07E+05
0.159126431;-0.007439253;0.07;7.04E+05
0.157107666;-0.03439156;0.07;6.68E+05
0.037092734;0.056776445;0.07;7.94E+05
-0.040271252;-0.059959654;0.07;4.44E+05
0.022180894;0.059263971;0.07;7.84E+05
-0.024080576;-0.054316007;0.07;4.76E+05
0.015170054;-0.082201615;0.07;4.70E+05
0.006899614;0.062392388;0.07;7.72E+05
-0.010396997;-0.062265746;0.07;4.74E+05
0.00359531;-0.076205023;0.07;4.63E+05
-0.049311068;-0.051083326;0.07;4.61E+05
0.049252983;0.048623007;0.07;7.83E+05
-0.063414455;-0.05098192;0.07;4.53E+05
0.063603975;0.050288878;0.07;7.95E+05
-0.003294826;0.07357242;0.07;7.82E+05
-0.026081473;0.100438073;0.07;7.93E+05
0.031850219;-0.164632857;0.07;4.04E+05
0.07711412;0.043537501;0.07;7.83E+05
-0.076002307;-0.043783084;0.07;4.67E+05
-0.098398708;-0.059437636;0.07;4.29E+05
0.097073503;0.054871284;0.07;8.11E+05
-0.03946989;0.114143237;0.07;7.90E+05
-0.085928701;-0.048218373;0.07;4.54E+05
-0.020869082;0.086999662;0.07;7.80E+05
0.087311506;0.048530486;0.07;7.96E+05
-0.105076872;-0.074049726;0.07;3.98E+05
0.033617053;-0.114147522;0.07;4.50E+05
-0.003079215;-0.069097064;0.07;4.68E+05
0.038992908;-0.096451134;0.07;4.83E+05
0.130752325;0.086719841;0.07;8.58E+05
0.110606156;0.088555738;0.07;8.79E+05
-0.112846136;-0.08837615;0.07;3.73E+05
-0.132180631;-0.082105398;0.07;4.01E+05
0.153582573;-0.052187271;0.07;6.45E+05
0.152932853;-0.016461982;0.07;6.90E+05
0.146112591;-0.042124789;0.07;6.54E+05
-0.023060828;0.180105492;0.07;8.66E+05
-0.036864519;0.15670906;0.07;8.34E+05
0.15677321;0.000915957;0.07;7.15E+05
-0.033962261;0.147352457;0.07;8.32E+05
0.033836268;-0.094217002;0.07;4.79E+05
-0.170511782;0.004462862;0.07;5.41E+05
0.16702722;0.004813749;0.07;7.21E+05
-0.042112716;0.123151891;0.07;7.96E+05
-0.181260139;-0.005976064;0.07;5.27E+05
0.027791593;0.049901735;0.07;7.67E+05
-0.030077091;-0.051930014;0.07;4.76E+05
0.014379768;0.06059023;0.07;7.77E+05
-0.017415319;-0.05494871;0.07;4.82E+05
0.043153036;0.04895664;0.07;7.79E+05
-0.043825645;-0.053331472;0.07;4.59E+05
0.066996157;0.039418217;0.07;7.69E+05
-0.065975659;-0.039835937;0.07;4.80E+05
-0.054924496;-0.048112191;0.07;4.65E+05
0.054896668;0.046224892;0.07;7.80E+05
0.010311375;-0.077965148;0.07;4.70E+05
-0.002452217;-0.061516095;0.07;4.86E+05
0.024146112;-0.085100487;0.07;4.79E+05
-0.095653355;-0.052475903;0.07;4.45E+05
-0.036739342;0.10586708;0.07;7.84E+05
-0.082997143;-0.039909761;0.07;4.74E+05
-0.103724129;-0.065994553;0.07;4.16E+05
0.084240153;0.039891064;0.07;7.76E+05
-0.009209011;0.079484262;0.07;7.85E+05
0.106542513;0.061472405;0.07;8.23E+05
0.111180998;0.078308277;0.07;8.57E+05
-0.113266081;-0.075620964;0.07;4.00E+05
-0.108695447;-0.069853596;0.07;4.10E+05
0.109395131;0.069627486;0.07;8.39E+05
0.040190801;-0.108085953;0.07;4.69E+05
0.097801209;0.084532253;0.07;8.82E+05
-0.106178835;-0.081461124;0.07;3.82E+05
-0.000466012;0.064445309;0.07;7.66E+05
-0.04450025;0.131815195;0.07;8.01E+05
0.120436892;0.076613262;0.07;8.47E+05
0.136797681;0.099550903;0.07;8.73E+05
0.145163938;-0.050275162;0.07;6.43E+05
-0.140500173;-0.089015208;0.07;3.96E+05
-0.124696307;-0.075339347;0.07;4.08E+05
0.13743785;-0.032944739;0.07;6.63E+05
0.15058355;-0.060340773;0.07;6.33E+05
0.137638107;-0.024252053;0.07;6.75E+05
-0.02377655;0.093244746;0.07;7.86E+05
0.150627598;-0.010289874;0.07;6.98E+05
0.024129897;-0.178505376;0.07;3.86E+05
-0.04808186;0.11213842;0.07;7.74E+05
0.00531374;-0.069004141;0.07;4.81E+05
0.040870972;-0.089172714;0.07;4.97E+05
0.153755337;0.008491285;0.07;7.25E+05
0.013788227;-0.19157511;0.07;3.67E+05
-0.038478427;0.167373687;0.07;8.37E+05
-0.170958474;-0.007089671;0.07;5.26E+05
0.177961648;0.008354126;0.07;7.26E+05
-0.192194074;-0.016853072;0.07;5.14E+05
0.019742232;0.051345334;0.07;7.61E+05
-0.022453416;-0.046528243;0.07;4.97E+05
-0.00981332;-0.054350164;0.07;4.93E+05
0.020798292;-0.078074716;0.07;4.86E+05
-0.044994284;0.103586398;0.07;7.68E+05
-0.0474132;-0.044708818;0.07;4.79E+05
0.048125666;0.04335022;0.07;7.68E+05
0.060739111;0.042966273;0.07;7.75E+05
-0.060083631;-0.043988869;0.07;4.73E+05
-0.072658695;-0.035737865;0.07;4.87E+05
0.073702455;0.035475109;0.07;7.62E+05
-0.007248557;0.067113511;0.07;7.62E+05
-0.093066856;-0.044568226;0.07;4.62E+05
0.094464332;0.045755245;0.07;7.90E+05
-0.105512463;-0.058312886;0.07;4.34E+05
0.103551917;0.053125832;0.07;8.06E+05
0.117102437;0.067307733;0.07;8.31E+05
0.003634051;0.054631535;0.07;7.50E+05
-0.118138671;-0.069319397;0.07;4.16E+05
-0.034038268;0.09803693;0.07;7.77E+05
-0.11223346;-0.063767672;0.07;4.24E+05
0.112904131;0.059264734;0.07;8.16E+05
0.035900008;-0.175070137;0.07;4.05E+05
0.031296913;-0.082465686;0.07;4.94E+05
0.046226617;-0.100678198;0.07;4.88E+05
-0.050883565;0.121367589;0.07;7.81E+05
0.137375861;-0.041786928;0.07;6.51E+05
0.026657689;-0.189425841;0.07;3.87E+05
0.133444488;0.107486382;0.07;8.88E+05
-0.133150384;-0.098595552;0.07;3.75E+05
-0.02232248;0.079274572;0.07;7.64E+05
0.005901559;-0.061158657;0.07;4.99E+05
0.132296309;0.073291071;0.07;8.33E+05
-0.137580484;-0.072877929;0.07;4.20E+05
0.140836567;0.089300454;0.07;8.54E+05
-0.146526724;-0.078759283;0.07;4.16E+05
0.154333413;-0.072570317;0.07;6.21E+05
0.046634622;-0.114815108;0.07;4.70E+05
0.14008233;-0.007825742;0.07;6.99E+05
0.035567924;0.047415271;0.07;7.68E+05
-0.036001388;-0.049170263;0.07;4.77E+05
0.128193974;-0.033012521;0.07;6.58E+05
0.147625998;-0.00314483;0.07;7.08E+05
-0.039309532;0.180041119;0.07;8.41E+05
0.144554898;-0.056889936;0.07;6.35E+05
-0.160630152;0.003844707;0.07;5.41E+05
-0.171513364;-0.019402599;0.07;5.10E+05
0.163823441;0.014004411;0.07;7.33E+05
0.015239135;-0.070414312;0.07;4.93E+05
-0.044633206;0.154470608;0.07;8.20E+05
-0.027172593;0.196884736;0.07;8.64E+05
-0.203146666;-0.016250022;0.07;5.15E+05
-0.181589559;-0.017354896;0.07;5.13E+05
0.18963635;0.011193433;0.07;7.29E+05
-0.016597051;-0.04741367;0.07;5.02E+05
-0.001974704;-0.05317802;0.07;5.06E+05
-0.122305609;-0.062409833;0.07;4.31E+05
0.011457012;0.052500457;0.07;7.54E+05
0.063278757;0.031699449;0.07;7.49E+05
-0.062028922;-0.032282148;0.07;5.00E+05
0.051678665;0.039646927;0.07;7.61E+05
-0.052224267;-0.043497182;0.07;4.79E+05
0.080623463;0.031436734;0.07;7.56E+05
-0.079824656;-0.031661902;0.07;4.94E+05
0.025371375;0.042279437;0.07;7.45E+05
-0.02814188;-0.044731084;0.07;4.96E+05
0.014612447;-0.0608523;0.07;5.11E+05
-0.090701245;-0.036142819;0.07;4.81E+05
0.091670893;0.036338121;0.07;7.69E+05
0.118563838;0.055784483;0.07;8.07E+05
0.02830635;-0.07500726;0.07;5.03E+05
0.101441823;0.043932445;0.07;7.86E+05
-0.111072555;-0.052328445;0.07;4.48E+05
0.114289403;0.050882015;0.07;7.99E+05
-0.012651411;0.070931852;0.07;7.62E+05
-0.05286485;0.101032816;0.07;7.54E+05
0.047621187;-0.079354256;0.07;5.21E+05
0.039623819;-0.121352613;0.07;4.52E+05
-0.004184952;0.057223842;0.07;7.45E+05
0.051454242;-0.090902671;0.07;5.09E+05
-0.043403339;0.142677426;0.07;8.13E+05
-0.056406111;0.109978646;0.07;7.60E+05
0.025036492;-0.067356795;0.07;5.12E+05
0.128916189;-0.04233361;0.07;6.46E+05
-0.0531567;0.130695209;0.07;7.87E+05
0.053629343;-0.107607201;0.07;4.89E+05
0.138072252;-0.060191028;0.07;6.27E+05
0.144834533;0.077902876;0.07;8.34E+05
0.137660757;-0.001944553;0.07;7.07E+05
-0.15154399;-0.067966558;0.07;4.35E+05
0.124598198;0.063057676;0.07;8.19E+05
-0.129524767;-0.067261145;0.07;4.26E+05
0.145717382;-0.06719631;0.07;6.23E+05
0.137560681;-0.017153731;0.07;6.85E+05
0.138467908;0.11356803;0.07;8.91E+05
-0.141707346;-0.106310494;0.07;3.71E+05
0.148502365;-0.080805637;0.07;6.09E+05
0.039238047;0.041633979;0.07;7.57E+05
0.145338699;0.104627624;0.07;8.73E+05
-0.040144004;-0.040228326;0.07;4.96E+05
-0.149498567;-0.095729336;0.07;3.93E+05
0.150610611;0.015112793;0.07;7.35E+05
-0.031044584;0.090480499;0.07;7.70E+05
-0.160143405;0.014286639;0.07;5.55E+05
-0.160963938;-0.007401026;0.07;5.26E+05
0.15901424;0.02155821;0.07;7.44E+05
-0.049656395;0.164324805;0.07;8.19E+05
0.174777508;0.019993318;0.07;7.41E+05
-0.174120754;-0.03376019;0.07;4.91E+05
-0.042023849;0.19448407;0.07;8.43E+05
-0.190756738;-0.02911227;0.07;4.99E+05
-0.169709548;0.015512599;0.07;5.55E+05
0.02324732;0.035874922;0.07;7.28E+05
0.023121901;-0.05939398;0.07;5.25E+05
-0.009887551;-0.046840601;0.07;5.11E+05
0.057044983;0.035643924;0.07;7.55E+05
-0.054743264;-0.037051607;0.07;4.93E+05
0.08767388;0.027381817;0.07;7.49E+05
-0.087767497;-0.027486907;0.07;5.01E+05
0.069906905;0.027510919;0.07;7.43E+05
-0.069024019;-0.027814522;0.07;5.07E+05
0.006029598;-0.05269197;0.07;5.17E+05
0.031516884;0.039163157;0.07;7.44E+05
-0.032112755;-0.035603125;0.07;5.14E+05
-0.100290433;-0.042244803;0.07;4.67E+05
0.100043461;0.032819465;0.07;7.63E+05
0.130050451;0.055779647;0.07;8.04E+05
-0.106860697;-0.04818539;0.07;4.55E+05
-0.011999923;0.060613278;0.07;7.42E+05
0.055046983;-0.076253399;0.07;5.35E+05
-0.133287579;-0.058272876;0.07;4.43E+05
-0.060483676;0.098035835;0.07;7.40E+05
0.060479879;-0.100273423;0.07;5.07E+05
-0.038275104;0.087920472;0.07;7.55E+05
0.043872625;-0.070392676;0.07;5.31E+05
-0.048936237;0.092625074;0.07;7.47E+05
-2.51E-05;0.046724126;0.07;7.27E+05
0.131295934;-0.057496674;0.07;6.27E+05
-0.053912938;0.139980093;0.07;7.95E+05
-0.059540093;0.119643219;0.07;7.67E+05
0.060637485;-0.115561448;0.07;4.89E+05
0.143082753;0.004395618;0.07;7.18E+05
0.118642546;-0.033542149;0.07;6.53E+05
0.120193362;-0.022639856;0.07;6.70E+05
0.130402088;-0.001683393;0.07;7.06E+05
-0.020761028;-0.039324671;0.07;5.16E+05
0.033255771;-0.065015972;0.07;5.27E+05
0.132843122;-0.081650116;0.07;5.98E+05
0.153707087;0.11164657;0.07;8.75E+05
-0.159341216;-0.102457277;0.07;3.91E+05
0.0453634;0.033472013;0.07;7.42E+05
-0.150715604;-0.006903871;0.07;5.27E+05
-0.142101288;-0.062863976;0.07;4.39E+05
-0.044819936;-0.031039683;0.07;5.15E+05
0.139068574;0.06192489;0.07;8.11E+05
-0.161209345;-0.019533087;0.07;5.09E+05
-0.029172624;0.074690938;0.07;7.46E+05
-0.150674805;0.003922285;0.07;5.43E+05
0.13216646;-0.067692973;0.07;6.15E+05
0.150978416;0.094208494;0.07;8.54E+05
-0.156081662;-0.084632516;0.07;4.13E+05
0.152289495;0.026398785;0.07;7.51E+05
0.053227548;-0.122494996;0.07;4.71E+05
-0.158853248;0.024086392;0.07;5.68E+05
0.158031464;-0.086647347;0.07;6.08E+05
-0.061387047;0.156792879;0.07;7.98E+05
0.168950513;0.032318115;0.07;7.58E+05
-0.053285647;0.176992059;0.07;8.21E+05
0.030921266;-0.057582643;0.07;5.38E+05
-0.002122787;-0.043326259;0.07;5.28E+05
0.008492788;0.043318626;0.07;7.29E+05
0.059231203;0.024108062;0.07;7.29E+05
-0.058397133;-0.024480833;0.07;5.20E+05
0.076721989;0.023222432;0.07;7.36E+05
-0.015538617;-0.040774293;0.07;5.19E+05
-0.076119721;-0.023502732;0.07;5.13E+05
-0.099186562;-0.033415142;0.07;4.86E+05
0.09453585;0.023231486;0.07;7.42E+05
0.03739335;0.035069455;0.07;7.39E+05
-0.051314496;0.081485607;0.07;7.28E+05
-0.038255137;-0.033375442;0.07;5.14E+05
-0.108087145;-0.041949712;0.07;4.68E+05
0.143019468;0.052006118;0.07;7.93E+05
0.1085338;0.043886866;0.07;7.85E+05
0.060574509;-0.085270464;0.07;5.28E+05
0.115723982;0.045628209;0.07;7.88E+05
-0.024093173;-0.030466765;0.07;5.34E+05
0.014207009;-0.052155554;0.07;5.28E+05
0.050768666;-0.067620128;0.07;5.44E+05
-0.055960458;0.089513376;0.07;7.34E+05
-0.145529628;-0.052455716;0.07;4.57E+05
-0.064638943;0.107252799;0.07;7.46E+05
0.120909452;-0.0441151;0.07;6.39E+05
-0.125559285;-0.054545537;0.07;4.47E+05
0.122554354;0.049999006;0.07;7.95E+05
-0.020163793;0.065864593;0.07;7.42E+05
0.068101645;-0.108783878;0.07;5.06E+05
0.132910922;0.008059766;0.07;7.22E+05
0.121121228;-0.012193911;0.07;6.87E+05
0.126311347;-0.061171457;0.07;6.19E+05
0.046131205;-0.129235163;0.07;4.53E+05
-0.061967276;0.130079985;0.07;7.75E+05
-0.008118978;0.049867317;0.07;7.24E+05
0.038715955;-0.135390297;0.07;4.36E+05
0.112291746;-0.029671464;0.07;6.56E+05
0.149676099;0.066743121;0.07;8.14E+05
-0.155747235;-0.056551367;0.07;4.54E+05
0.146875054;0.029219691;0.07;7.56E+05
0.021211097;0.031583946;0.07;7.16E+05
0.067335963;-0.123678945;0.07;4.89E+05
-0.150560781;-0.018399088;0.07;5.10E+05
-0.140217423;-0.005928978;0.07;5.30E+05
0.052510418;0.028378949;0.07;7.35E+05
-0.048392192;-0.02087697;0.07;5.35E+05
-0.150777072;0.013671269;0.07;5.57E+05
-0.161662996;-0.073039182;0.07;4.33E+05
0.156122744;0.083006233;0.07;8.34E+05
0.156361878;0.03522658;0.07;7.64E+05
0.125196487;-0.073926829;0.07;6.02E+05
-0.161130428;-0.032155953;0.07;4.91E+05
-0.038487244;0.07547909;0.07;7.34E+05
0.040621564;-0.062638193;0.07;5.41E+05
0.141634807;-0.089010857;0.07;5.96E+05
-0.168108538;0.026108151;0.07;5.69E+05
0.16079694;0.10060142;0.07;8.55E+05
0.145163491;0.122215085;0.07;8.95E+05
-0.166360855;-0.090603612;0.07;4.11E+05
-0.151264861;-0.113729589;0.07;3.70E+05
0.183756754;0.037218366;0.07;7.62E+05
-0.066205956;0.172310382;0.07;8.01E+05
0.153341144;0.131210789;0.07;8.98E+05
0.187088534;0.02425397;0.07;7.45E+05
-0.142298922;-0.124612547;0.07;3.49E+05
-0.201550394;-0.030090263;0.07;5.00E+05
-0.05664812;0.191152722;0.07;8.23E+05
0.201875374;0.013473523;0.07;7.31E+05
0.17895551;-0.096190557;0.07;6.10E+05
-0.171388507;0.049987722;0.07;5.96E+05
-0.007485787;-0.037677467;0.07;5.34E+05
0.022112666;-0.051164817;0.07;5.40E+05
0.125452936;0.042775508;0.07;7.81E+05
-0.018424135;-0.032351721;0.07;5.35E+05
0.065915629;0.019753661;0.07;7.23E+05
-0.065199532;-0.019833483;0.07;5.27E+05
0.08363495;0.01889131;0.07;7.30E+05
-0.083357498;-0.019292189;0.07;5.19E+05
0.090594932;0.014551014;0.07;7.24E+05
-0.097484373;-0.022698671;0.07;5.08E+05
0.037932623;-0.055665534;0.07;5.50E+05
0.028045019;0.032140214;0.07;7.24E+05
-0.10857451;-0.033208616;0.07;4.86E+05
0.041559093;0.023688749;0.07;7.16E+05
-0.04215657;-0.023919504;0.07;5.33E+05
0.104504943;0.025748797;0.07;7.49E+05
-0.116792984;-0.045117665;0.07;4.63E+05
0.057087489;-0.064793311;0.07;5.56E+05
-0.119590193;-0.052662846;0.07;4.49E+05
0.061619002;-0.072225049;0.07;5.49E+05
0.117634073;0.038433194;0.07;7.74E+05
0.067948252;-0.093705803;0.07;5.25E+05
-0.068027429;0.094200797;0.07;7.25E+05
0.153729036;0.055850379;0.07;7.95E+05
0.115370773;-0.056511726;0.07;6.18E+05
0.006353437;-0.044036698;0.07;5.36E+05
-0.073048718;0.103547417;0.07;7.31E+05
-0.016396808;0.053569861;0.07;7.22E+05
-0.06824398;0.117328383;0.07;7.53E+05
0.112468794;-0.012625194;0.07;6.83E+05
-0.159078732;-0.044529717;0.07;4.73E+05
-0.004559584;0.039114762;0.07;7.05E+05
0.139110029;0.015140946;0.07;7.34E+05
0.103142783;-0.036133081;0.07;6.40E+05
0.125040308;0.006810166;0.07;7.19E+05
0.075245425;-0.117338367;0.07;5.05E+05
0.133624628;0.047532313;0.07;7.88E+05
-0.029918311;-0.028547457;0.07;5.33E+05
-0.136002719;-0.048745971;0.07;4.60E+05
-0.06305249;0.14182353;0.07;7.84E+05
0.059809614;-0.130203888;0.07;4.72E+05
-0.054565057;-0.016866768;0.07;5.40E+05
-0.149834067;-0.030002406;0.07;4.93E+05
0.055277068;0.016516974;0.07;7.10E+05
0.045728162;-0.144367814;0.07;4.39E+05
-0.139993817;-0.016954063;0.07;5.13E+05
-0.140245974;0.004811438;0.07;5.46E+05
0.119295895;-0.065648265;0.07;6.09E+05
0.136199221;0.039499469;0.07;7.74E+05
-0.150172815;0.022390707;0.07;5.69E+05
0.160993591;0.071473815;0.07;8.15E+05
0.125064805;-0.088944957;0.07;5.85E+05
-0.166411668;-0.06085144;0.07;4.52E+05
-0.156268835;0.033036694;0.07;5.81E+05
-0.170483053;-0.047929719;0.07;4.71E+05
0.145447075;0.043042321;0.07;7.78E+05
0.047653087;-0.059759345;0.07;5.54E+05
0.166961893;0.088950358;0.07;8.36E+05
-0.172431469;-0.07829082;0.07;4.31E+05
0.161123738;-0.102469549;0.07;5.94E+05
0.168052301;0.046938751;0.07;7.78E+05
0.133869678;-0.09719272;0.07;5.82E+05
0.170701638;0.10807576;0.07;8.57E+05
-0.177273169;-0.096721098;0.07;4.11E+05
0.151087806;-0.095959112;0.07;5.95E+05
-0.035262764;0.063626781;0.07;7.18E+05
0.002002178;0.035803441;0.07;7.05E+05
0.017359138;0.031589393;0.07;7.12E+05
0.029536964;-0.049953826;0.07;5.51E+05
0.001663272;-0.034097377;0.07;5.52E+05
0.086399108;0.006097195;0.07;7.05E+05
-0.090159901;-0.015023515;0.07;5.26E+05
0.072663806;0.015280309;0.07;7.17E+05
-0.072089866;-0.015166457;0.07;5.33E+05
-0.021636855;-0.023343988;0.07;5.53E+05
0.101220712;0.01869469;0.07;7.35E+05
0.048574679;0.020398304;0.07;7.13E+05
-0.044761684;-0.013964057;0.07;5.54E+05
0.06698516;-0.06735047;0.07;5.62E+05
0.033469953;0.025756473;0.07;7.14E+05
-0.035935652;-0.026400968;0.07;5.33E+05
-0.118157417;-0.034672;0.07;4.83E+05
-0.126867473;-0.04600339;0.07;4.63E+05
0.04447471;-0.053114545;0.07;5.62E+05
0.067857623;-0.079474822;0.07;5.45E+05
0.120265976;0.030807881;0.07;7.60E+05
0.014236046;-0.043807417;0.07;5.46E+05
0.103988312;-0.041912992;0.07;6.32E+05
-0.081577472;0.098248363;0.07;7.15E+05
-0.060999818;-0.011857012;0.07;5.47E+05
0.06183783;0.012186433;0.07;7.04E+05
0.128239691;0.016434066;0.07;7.35E+05
-0.009810689;-0.027732363;0.07;5.54E+05
0.0957186;-0.013419875;0.07;6.74E+05
0.107190952;-0.059880674;0.07;6.08E+05
0.111383669;-0.003382837;0.07;6.98E+05
0.075721115;-0.101935066;0.07;5.24E+05
-0.148228422;-0.041327868;0.07;4.75E+05
0.131049991;0.028097289;0.07;7.55E+05
-0.077508062;0.113957301;0.07;7.38E+05
-0.070932463;0.128540099;0.07;7.61E+05
-0.129739508;-0.015705073;0.07;5.16E+05
0.082042962;-0.126448363;0.07;5.04E+05
-0.139248416;-0.027903426;0.07;4.96E+05
0.062238928;-0.063148901;0.07;5.64E+05
-0.129983291;-0.004990474;0.07;5.33E+05
0.073450327;-0.13239859;0.07;4.88E+05
0.053569149;-0.137616009;0.07;4.57E+05
-0.025116852;0.057920013;0.07;7.20E+05
-0.147348091;0.030088555;0.07;5.80E+05
-0.012257874;0.042400491;0.07;7.04E+05
-0.141017482;0.014438742;0.07;5.60E+05
0.042442478;-0.159966707;0.07;4.23E+05
0.117028438;-0.080162041;0.07;5.89E+05
0.156244084;0.045294162;0.07;7.79E+05
-0.177677602;-0.065559156;0.07;4.50E+05
0.172402278;0.076754369;0.07;8.17E+05
0.125480458;-0.105341941;0.07;5.67E+05
0.143159658;-0.105158344;0.07;5.80E+05
-0.182331666;-0.052576758;0.07;4.68E+05
-0.02752017;-0.02156302;0.07;5.51E+05
0.025655462;0.021844711;0.07;6.98E+05
-0.003888832;-0.030832101;0.07;5.54E+05
0.044720389;-0.042489264;0.07;5.82E+05
0.097891696;0.010101885;0.07;7.17E+05
-0.0948992;-0.010896708;0.07;5.32E+05
0.079485834;0.010722168;0.07;7.11E+05
0.051480461;0.008975566;0.07;6.90E+05
-0.079112649;-0.010880776;0.07;5.39E+05
-0.050314799;-0.009873628;0.07;5.58E+05
0.013645976;0.032040983;0.07;7.09E+05
0.068406031;0.007574102;0.07;6.99E+05
-0.108840793;-0.023660274;0.07;5.04E+05
-0.067777582;-0.006490674;0.07;5.54E+05
0.111914292;0.02572144;0.07;7.50E+05
0.039223068;0.014651265;0.07;6.93E+05
-0.039110206;-0.017115293;0.07;5.51E+05
0.128209203;0.035361387;0.07;7.68E+05
0.073820867;-0.072910652;0.07;5.61E+05
0.105349422;-0.050101806;0.07;6.21E+05
0.165149316;0.059604898;0.07;7.97E+05
0.075399272;-0.086811252;0.07;5.43E+05
0.055121157;-0.056155466;0.07;5.68E+05
0.070473634;-0.060979795;0.07;5.76E+05
0.124165513;0.023759529;0.07;7.47E+05
0.100018367;-0.002760598;0.07;6.95E+05
-0.008753707;0.031484719;0.07;6.84E+05
0.088371217;-0.020761591;0.07;6.57E+05
0.113298386;0.014440824;0.07;7.30E+05
0.098865166;-0.033958931;0.07;6.41E+05
-0.015697289;-0.025299089;0.07;5.54E+05
-0.080122121;0.12584427;0.07;7.48E+05
-0.137979954;-0.038526554;0.07;4.78E+05
-0.128033221;-0.036327824;0.07;4.81E+05
-0.075415827;0.089119509;0.07;7.10E+05
-0.088796631;0.109163865;0.07;7.20E+05
0.088234209;-0.136065826;0.07;5.02E+05
-0.129073173;-0.026171714;0.07;4.98E+05
-0.12009871;-0.004466885;0.07;5.36E+05
0.014676384;-0.035796691;0.07;5.63E+05
0.08335679;-0.110456459;0.07;5.22E+05
-0.12992759;0.006127459;0.07;5.51E+05
-0.020486116;0.045907904;0.07;7.01E+05
0.110616274;-0.070434086;0.07;5.97E+05
0.065936215;-0.136167064;0.07;4.75E+05
0.053104423;-0.154069901;0.07;4.43E+05
-0.072948441;0.140963793;0.07;7.70E+05
-0.152711123;0.041312542;0.07;5.92E+05
-0.143139362;0.021033868;0.07;5.69E+05
-0.186764419;-0.040154301;0.07;4.85E+05
0.116783142;-0.096369788;0.07;5.70E+05
-0.00221123;0.028523192;0.07;6.85E+05
0.016412558;0.025014529;0.07;6.96E+05
0.005334654;-0.026404435;0.07;5.73E+05
0.075023428;0.002780971;0.07;6.93E+05
-0.075207673;-0.002173346;0.07;5.58E+05
0.081698217;-0.002136182;0.07;6.87E+05
-0.006540327;-0.020228248;0.07;5.74E+05
-0.08622659;-0.007127993;0.07;5.43E+05
0.093386002;0.001461792;0.07;6.99E+05
0.057667803;0.004810738;0.07;6.86E+05
-0.056112092;-0.00453653;0.07;5.66E+05
-0.093545862;-0.004524253;0.07;5.45E+05
0.107968621;0.016014362;0.07;7.31E+05
-0.101219475;-0.01288939;0.07;5.26E+05
0.0453398;0.012325607;0.07;6.93E+05
-0.040930845;-0.007670386;0.07;5.71E+05
0.033103801;0.015506749;0.07;6.90E+05
0.036379907;-0.041953333;0.07;5.74E+05
0.082129449;-0.079043351;0.07;5.60E+05
0.097613625;-0.041924518;0.07;6.28E+05
0.078166366;-0.065428354;0.07;5.76E+05
0.05020719;-0.048997346;0.07;5.76E+05
0.065322526;-0.050535731;0.07;5.88E+05
0.088441677;-0.00731544;0.07;6.81E+05
-0.019225646;-0.015992124;0.07;5.71E+05
0.021890614;-0.034960333;0.07;5.72E+05
-0.119039603;-0.024825744;0.07;5.01E+05
0.106417134;0.005602848;0.07;7.12E+05
0.092198037;-0.029831907;0.07;6.44E+05
0.098519221;-0.061584994;0.07;5.99E+05
-0.069547556;0.080947496;0.07;7.05E+05
0.083498977;-0.094453529;0.07;5.41E+05
-0.097411834;0.09750855;0.07;6.98E+05
-0.089087628;0.123015627;0.07;7.35E+05
-0.119848229;0.006033641;0.07;5.54E+05
-0.08960969;0.089966722;0.07;6.97E+05
-0.08292748;0.138058379;0.07;7.56E+05
-0.130240649;0.018809259;0.07;5.70E+05
0.09082593;-0.119519114;0.07;5.21E+05
-0.143903002;0.037569702;0.07;5.91E+05
0.064284399;-0.146237507;0.07;4.64E+05
0.077665396;-0.142180502;0.07;4.84E+05
-0.016173754;0.034529433;0.07;6.83E+05
0.10824158;-0.086746156;0.07;5.74E+05
-0.147926271;0.049267471;0.07;6.04E+05
0.108294234;-0.104082443;0.07;5.54E+05
-0.030713273;-0.01274542;0.07;5.68E+05
-0.074960187;0.154282644;0.07;7.78E+05
0.0475908;-0.170556128;0.07;4.25E+05
-0.02898436;0.049712896;0.07;6.99E+05
-0.189404696;-0.070396319;0.07;4.49E+05
0.183900878;0.082729876;0.07;8.19E+05
0.134459004;-0.11415644;0.07;5.65E+05
-0.012953082;-0.017826038;0.07;5.73E+05
-0.000190253;-0.023149161;0.07;5.74E+05
0.026650554;0.01436635;0.07;6.82E+05
0.076546721;-0.009940689;0.07;6.69E+05
-0.083333589;0.001453332;0.07;5.61E+05
0.003466484;0.025965288;0.07;6.85E+05
0.063899413;0.000121496;0.07;6.81E+05
-0.101690225;-0.004024254;0.07;5.42E+05
0.04287177;-0.035926733;0.07;5.92E+05
-0.062387601;0.003241347;0.07;5.77E+05
-0.091877922;0.003359528;0.07;5.60E+05
0.047734052;0.001776263;0.07;6.72E+05
-0.045762982;-0.003616444;0.07;5.75E+05
0.029437684;-0.034290828;0.07;5.82E+05
-0.035998851;-0.010851081;0.07;5.68E+05
-0.023609761;-0.008905356;0.07;5.83E+05
0.097930454;-0.050992101;0.07;6.14E+05
0.037138753;0.006719258;0.07;6.74E+05
-0.110043027;-0.01402285;0.07;5.22E+05
-0.037772175;0.053561471;0.07;6.96E+05
0.072886229;-0.053455509;0.07;5.90E+05
0.081000522;-0.057047289;0.07;5.92E+05
0.08724346;-0.070238218;0.07;5.78E+05
0.117873132;0.019198004;0.07;7.39E+05
0.082740217;-0.014870864;0.07;6.64E+05
0.077531874;-0.022273209;0.07;6.47E+05
0.056616478;-0.044246614;0.07;5.90E+05
0.091042332;-0.040695448;0.07;6.25E+05
-0.012232517;0.023763867;0.07;6.64E+05
-0.075744897;0.074895181;0.07;6.90E+05
-0.110570148;-0.004223834;0.07;5.39E+05
0.014621721;-0.027804419;0.07;5.80E+05
-0.092363179;0.134138465;0.07;7.42E+05
-0.118620984;0.016705165;0.07;5.71E+05
0.099214315;-0.075250007;0.07;5.81E+05
-0.100016445;0.113756105;0.07;7.14E+05
0.091610365;-0.102869257;0.07;5.40E+05
0.09805508;-0.129035547;0.07;5.19E+05
0.094550207;-0.146401092;0.07;5.00E+05
-0.134601086;0.034970451;0.07;5.91E+05
0.036713325;-0.150083825;0.07;4.21E+05
0.059264898;-0.1649905;0.07;4.44E+05
-0.141331077;0.056362879;0.07;6.16E+05
-0.086611994;0.150179625;0.07;7.62E+05
-0.024260337;0.037559085;0.07;6.80E+05
-0.156732574;0.054640938;0.07;6.07E+05
0.039522734;-0.186185405;0.07;4.06E+05
-0.003391535;-0.012383148;0.07;5.95E+05
0.011864202;-0.019111732;0.07;5.95E+05
-0.036713876;-0.002095818;0.07;5.86E+05
0.009858092;0.020624444;0.07;6.80E+05
-0.005427377;0.020986205;0.07;6.65E+05
0.036903516;-0.034470763;0.07;5.89E+05
-0.090513133;0.011611152;0.07;5.76E+05
0.053374216;-0.002222222;0.07;6.68E+05
-0.050725777;0.001224864;0.07;5.82E+05
0.07019192;-0.004857886;0.07;6.75E+05
0.07124722;-0.017696917;0.07;6.51E+05
-0.071432062;0.00669997;0.07;5.78E+05
-0.100892156;0.004499215;0.07;5.58E+05
-0.04099977;0.002154375;0.07;5.91E+05
0.032108158;0.007792534;0.07;6.72E+05
0.042289648;0.004725609;0.07;6.74E+05
0.089589581;-0.060100902;0.07;5.94E+05
0.052337408;-0.037604328;0.07;5.98E+05
-0.017637899;-0.00738674;0.07;5.92E+05
0.091252662;-0.085879542;0.07;5.60E+05
0.065981858;-0.040647171;0.07;6.05E+05
0.077606954;-0.039342284;0.07;6.17E+05
-0.110129148;0.005349316;0.07;5.56E+05
-0.032548364;0.040736646;0.07;6.78E+05
-0.081750624;0.067543916;0.07;6.74E+05
-0.09670452;0.080619015;0.07;6.78E+05
-0.091417834;0.162547186;0.07;7.65E+05
-0.125089183;0.030730961;0.07;5.90E+05
-0.040572505;0.044612568;0.07;6.76E+05
-0.106417067;0.103979312;0.07;6.97E+05
-0.097285874;0.144761324;0.07;7.46E+05
0.099624783;-0.111965209;0.07;5.38E+05
0.064833008;-0.17668356;0.07;4.44E+05
0.105294831;-0.139109477;0.07;5.17E+05
-0.132266745;0.046926118;0.07;6.09E+05
0.021807363;-0.026608761;0.07;5.90E+05
-0.019430324;0.026348885;0.07;6.62E+05
-0.150865927;0.063392982;0.07;6.20E+05
0.029878493;-0.025902297;0.07;5.99E+05
0.065015286;-0.012290222;0.07;6.57E+05
0.047152329;-0.031162556;0.07;6.06E+05
0.003768111;-0.015406339;0.07;5.95E+05
0.020215154;0.012410563;0.07;6.72E+05
0.001703766;0.017914679;0.07;6.66E+05
-0.010400421;-0.01008461;0.07;5.93E+05
0.04412302;-0.004579739;0.07;6.56E+05
-0.045892689;0.007403097;0.07;5.98E+05
-0.080830738;0.011712649;0.07;5.82E+05
-0.099568702;0.012956595;0.07;5.73E+05
-0.057356875;0.051633138;0.07;6.72E+05
0.034467224;-0.000263739;0.07;6.57E+05
-0.035929423;0.007064533;0.07;6.06E+05
0.073688872;-0.031881552;0.07;6.27E+05
0.059510555;-0.032316446;0.07;6.15E+05
-0.008900686;0.013506635;0.07;6.45E+05
-0.043884326;0.036676638;0.07;6.58E+05
-0.115396984;0.027170079;0.07;5.89E+05
-0.069270946;0.067714542;0.07;6.86E+05
-0.095133752;0.065105774;0.07;6.58E+05
0.021206666;-0.018062877;0.07;6.07E+05
-0.104917601;0.087209217;0.07;6.79E+05
-0.113714352;0.09396752;0.07;6.80E+05
-0.120918974;0.041577186;0.07;6.07E+05
-0.125116795;0.05742725;0.07;6.27E+05
-0.027316924;0.028787402;0.07;6.59E+05
0.10751614;-0.121424548;0.07;5.35E+05
-0.01529299;0.015839934;0.07;6.44E+05
0.083034523;-0.153010085;0.07;4.82E+05
-0.02809611;-0.004850099;0.07;5.88E+05
-0.011601337;0.006193454;0.07;6.27E+05
0.013802809;-0.009567435;0.07;6.18E+05
0.008774946;0.006970874;0.07;6.49E+05
-0.022272205;-0.000441007;0.07;6.03E+05
-0.00341208;0.010685371;0.07;6.45E+05
-0.013642459;-0.000596683;0.07;6.10E+05
0.065894276;-0.025512779;0.07;6.32E+05
-0.055076111;0.005820581;0.07;5.88E+05
-0.03148748;0.002314397;0.07;6.00E+05
-0.068605542;0.015173147;0.07;5.96E+05
-0.046419881;0.056042958;0.07;6.91E+05
-0.084472932;0.023396524;0.07;6.00E+05
0.053263541;-0.025613405;0.07;6.22E+05
-0.02210453;0.017816098;0.07;6.42E+05
-0.051334128;0.039882682;0.07;6.57E+05
0.048876144;-0.008578062;0.07;6.52E+05
0.026822351;6.25E-05;0.07;6.51E+05
0.039117765;-0.002223556;0.07;6.57E+05
-0.093514651;0.028997129;0.07;6.04E+05
0.02936155;-0.017272523;0.07;6.16E+05
-0.036736384;0.030726703;0.07;6.54E+05
-0.074924842;0.061192896;0.07;6.70E+05
-0.063609585;0.073149957;0.07;7.00E+05
-0.087568462;0.05933905;0.07;6.56E+05
-0.111310877;0.037112758;0.07;6.06E+05
-0.103354089;0.071092531;0.07;6.60E+05
-0.040427867;0.012022858;0.07;6.12E+05
0.039516307;-0.02550469;0.07;6.09E+05
-0.120890372;0.08410468;0.07;6.63E+05
-0.000443534;-0.003818291;0.07;6.16E+05
-0.115617529;0.051685449;0.07;6.25E+05
-0.115655415;0.111516453;0.07;6.97E+05
0.123582318;-0.141298398;0.07;5.32E+05
-0.134608418;0.064820901;0.07;6.30E+05
-0.017522305;0.008082299;0.07;6.25E+05
-0.007944886;-0.002791652;0.07;6.11E+05
0.020928491;0.005595002;0.07;6.57E+05
0.001106312;0.006827048;0.07;6.41E+05
0.029542431;-0.007557261;0.07;6.37E+05
-0.06101447;0.014170636;0.07;6.00E+05
0.006633107;-0.007602979;0.07;6.15E+05
0.043552928;-0.013812161;0.07;6.37E+05
0.036902692;-0.016631162;0.07;6.25E+05
0.047586985;-0.019688288;0.07;6.28E+05
0.059451442;-0.019306449;0.07;6.39E+05
-0.053237442;0.032059956;0.07;6.40E+05
-0.063747801;0.050203521;0.07;6.63E+05
-0.031290077;0.012548475;0.07;6.22E+05
-0.075482838;0.030499641;0.07;6.19E+05
-0.053100858;0.023835426;0.07;6.25E+05
-0.089528225;0.03735172;0.07;6.20E+05
-0.028989609;0.020154517;0.07;6.40E+05
-0.106002711;0.024152214;0.07;5.89E+05
-0.053297143;0.057480101;0.07;6.86E+05
-0.045957517;0.064616948;0.07;7.07E+05
-0.062954061;0.06036007;0.07;6.81E+05
0.021406701;-0.009365457;0.07;6.25E+05
-0.056199838;0.06549567;0.07;6.96E+05
-0.08027456;0.053644907;0.07;6.54E+05
-0.101068959;0.055929918;0.07;6.41E+05
-0.052019309;0.014045999;0.07;6.07E+05
-0.111920953;0.07737837;0.07;6.61E+05
-0.106575355;0.046658907;0.07;6.23E+05
-0.118603989;0.067526415;0.07;6.44E+05
-0.123135656;0.101723984;0.07;6.81E+05
-0.127920255;0.074423723;0.07;6.46E+05
-0.1444664;0.072397515;0.07;6.34E+05
-0.161046937;0.069964379;0.07;6.22E+05
0.101373583;-0.157379031;0.07;4.99E+05
-0.103113189;0.156037822;0.07;7.48E+05
0.116707638;-0.113470413;0.07;5.52E+05
0.070935711;-0.158863708;0.07;4.63E+05
-0.078962952;0.167810827;0.07;7.83E+05
0.089428157;-0.164456815;0.07;4.81E+05
0.162652686;0.119950347;0.07;8.77E+05
-0.070504054;0.186749369;0.07;8.04E+05
-0.194299191;-0.056852397;0.07;4.67E+05
0.125203088;-0.122891597;0.07;5.50E+05
0.112783872;-0.149689391;0.07;5.16E+05
-0.169822037;-0.109223768;0.07;3.91E+05
-0.083897941;0.181532294;0.07;7.86E+05
0.197057262;0.041599065;0.07;7.65E+05
0.177759051;0.095727891;0.07;8.38E+05
-0.18379733;-0.083717346;0.07;4.30E+05
0.059106238;-0.00700286;0.07;6.63E+05
-0.053676345;0.072162174;0.07;7.10E+05
-0.166625902;0.060167126;0.07;6.09E+05
0.189165488;0.069272712;0.07;8.00E+05
0.1998882;0.027629506;0.07;7.48E+05
-0.198479354;-0.043383814;0.07;4.84E+05
0.090493031;-0.050254483;0.07;6.10E+05
-0.108723022;0.014797722;0.07;5.72E+05
0.163857669;-0.077194847;0.07;6.21E+05
0.01505624;-0.002093212;0.07;6.35E+05
0.021095267;-0.001521816;0.07;6.42E+05
-0.025024807;0.008184542;0.07;6.18E+05
0.082867093;-0.048456576;0.07;6.07E+05
-0.060669474;0.02386055;0.07;6.19E+05
0.004758737;0.002181071;0.07;6.34E+05
-0.036122505;0.021138316;0.07;6.35E+05
-0.06049218;0.033090908;0.07;6.36E+05
-0.068638459;0.055143159;0.07;6.67E+05
0.053861611;-0.013636564;0.07;6.46E+05
-0.081718765;0.033221368;0.07;6.19E+05
0.077175029;-0.170838401;0.07;4.63E+05
0.041219559;-0.009280276;0.07;6.44E+05
-0.102305189;0.03311196;0.07;6.05E+05
-0.093001492;0.050733961;0.07;6.39E+05
-0.006475618;0.004011558;0.07;6.27E+05
-0.109752342;0.061580058;0.07;6.42E+05
-0.137680054;0.081975006;0.07;6.49E+05
-0.107211277;0.137870565;0.07;7.30E+05
-0.109483927;0.168119684;0.07;7.51E+05
0.108632393;-0.168887511;0.07;4.98E+05
-0.068083443;0.024228692;0.07;6.13E+05
-0.066029862;0.04359223;0.07;6.50E+05
-0.069270186;0.034524974;0.07;6.31E+05
-0.085154712;0.045679472;0.07;6.37E+05
-0.097991526;0.041972507;0.07;6.22E+05
-0.147974938;0.089952327;0.07;6.51E+05
-0.101158381;0.128868029;0.07;7.28E+05
0.096146584;-0.176346436;0.07;4.81E+05
0.120614082;-0.160704926;0.07;5.15E+05
-0.077466518;0.040663377;0.07;6.35E+05
-0.130593538;0.091931887;0.07;6.65E+05
-0.073285215;0.048173357;0.07;6.51E+05
-0.132781431;0.11038354;0.07;6.82E+05
-0.140666291;0.100380838;0.07;6.66E+05
-0.11628411;0.129514739;0.07;7.14E+05
-0.158852443;0.098140471;0.07;6.53E+05
-0.154868737;0.079938099;0.07;6.36E+05
0.143756911;-0.122913666;0.07;5.64E+05
0.133939087;-0.132472411;0.07;5.48E+05
0.132019222;-0.151794627;0.07;5.31E+05
-0.114046767;0.148363069;0.07;7.32E+05
-0.142680287;0.119914912;0.07;6.84E+05
-0.096954294;0.175359622;0.07;7.68E+05
-0.161417022;-0.121173054;0.07;3.70E+05
0.177009284;0.064053871;0.07;7.98E+05
-0.124746367;0.120371088;0.07;6.98E+05
0.042774558;-0.197876886;0.07;4.07E+05
0.028801782;-0.200916171;0.07;3.87E+05
0.056563001;-0.193834886;0.07;4.26E+05
0.070079945;-0.188840315;0.07;4.45E+05
-0.132396311;0.150650755;0.07;7.18E+05
-0.165422291;0.036164198;0.07;5.82E+05
-0.050972052;0.148883656;0.07;8.06E+05
-0.161917195;0.118332289;0.07;6.70E+05
-0.152759463;0.129915714;0.07;6.85E+05
-0.142856672;0.140777379;0.07;7.02E+05
-0.17028293;0.106405847;0.07;6.54E+05
0.163028628;-0.120246641;0.07;5.79E+05
0.153362125;-0.131583661;0.07;5.63E+05
0.099928848;-0.094700694;0.07;5.57E+05
-0.16584532;0.087225206;0.07;6.38E+05
-0.120221913;-0.164471611;0.07;2.91E+05
-0.124244682;0.139663175;0.07;7.16E+05
0.109264627;0.170994088;0.07;9.72E+05
0.180661514;0.050721567;0.07;7.80E+05
0.014776041;-0.202876136;0.07;3.68E+05
0.083270229;-0.183002159;0.07;4.63E+05
0.171709731;-0.108353734;0.07;5.95E+05
0.152928263;-0.11290431;0.07;5.79E+05
0.193455741;0.055520918;0.07;7.82E+05
-0.133782282;0.13024193;0.07;7.00E+05
-0.152173162;-0.132580876;0.07;3.50E+05
-0.151150376;0.109295897;0.07;6.68E+05
0.142906547;-0.14219825;0.07;5.47E+05
-0.121298343;0.159892902;0.07;7.34E+05
0.034049176;0.13118659;0.07;1.01E+06
0.060816567;0.104444645;0.07;9.98E+05
-0.034405988;-0.13202177;0.07;2.37E+05
-0.060859527;-0.104430348;0.07;2.52E+05
0.035507992;0.123282686;0.07;1.01E+06
-0.035673201;-0.123684801;0.07;2.37E+05
0.055433903;0.100449555;0.07;9.73E+05
-0.055461571;-0.100411139;0.07;2.77E+05
0.052260973;-0.181908056;0.07;4.25E+05
0.079357974;0.144401968;0.07;1.02E+06
-0.08247409;-0.146374881;0.07;2.35E+05
0.093883187;0.126782075;0.07;9.82E+05
-0.09550336;-0.125565067;0.07;2.74E+05
0.057544857;0.164372087;0.07;1.01E+06
-0.056906369;-0.16143477;0.07;2.39E+05
0.050042294;0.168214485;0.07;9.93E+05
-0.069902003;-0.103430547;0.07;2.68E+05
-0.028646084;-0.135786384;0.07;2.65E+05
-0.024786895;-0.1301056;0.07;2.83E+05
-0.046587143;-0.103133619;0.07;2.76E+05
-0.031047976;-0.119769797;0.07;2.70E+05
-0.094674699;-0.11623916;0.07;2.86E+05
0.069846749;0.103502922;0.07;9.82E+05
0.028446464;0.133955479;0.07;9.84E+05
0.024690945;0.129187286;0.07;9.66E+05
0.000674672;-0.182406068;0.07;3.48E+05
0.046567768;0.103085324;0.07;9.74E+05
0.030845245;0.119376987;0.07;9.78E+05
0.095150985;0.116617076;0.07;9.63E+05
-0.074630275;-0.153484419;0.07;2.30E+05
0.084214747;0.151647076;0.07;1.01E+06
0.095287137;0.14397721;0.07;9.87E+05
0.082163341;0.161425471;0.07;1.00E+06
0.066278227;0.164289743;0.07;1.01E+06
0.051935338;0.17509146;0.07;9.86E+05
0.038167276;0.104134217;0.07;9.55E+05
0.044718012;0.090566956;0.07;9.13E+05
-0.038255747;-0.104366712;0.07;2.93E+05
-0.044369828;-0.090124823;0.07;3.39E+05
0.025189767;0.116173662;0.07;9.47E+05
0.078140594;0.102327608;0.07;9.61E+05
-0.02555014;-0.116591029;0.07;3.00E+05
-0.086231947;-0.156462848;0.07;2.51E+05
-0.054156717;-0.166109771;0.07;2.49E+05
-0.078272313;-0.102131054;0.07;2.90E+05
0.037611071;0.162229732;0.07;9.83E+05
0.025305994;0.145887062;0.07;9.68E+05
-0.081695519;-0.105075188;0.07;2.85E+05
0.081613407;0.105251983;0.07;9.65E+05
-0.090868123;-0.151186422;0.07;2.56E+05
-0.05002106;-0.17108506;0.07;2.61E+05
-0.108586758;0.120929569;0.07;7.13E+05
-0.021050176;-0.147729039;0.07;2.96E+05
-0.026638078;-0.145722389;0.07;2.77E+05
0.115494154;-0.131265938;0.07;5.34E+05
0.018148905;0.141746134;0.07;9.46E+05
0.052142281;0.182652533;0.07;9.78E+05
-0.182415783;-0.026803609;0.07;5.01E+05
0.040905029;0.183955371;0.07;9.65E+05
-0.037637446;-0.098348066;0.07;3.19E+05
0.037594583;0.098004922;0.07;9.29E+05
-0.096468292;0.121925958;0.07;7.26E+05
0.118729427;0.116378881;0.07;9.19E+05
0.011185434;0.141350329;0.07;9.25E+05
-0.008500984;-0.122572653;0.07;3.48E+05
-0.033971347;-0.10027682;0.07;3.22E+05
0.033761773;0.099832676;0.07;9.26E+05
-0.044120222;-0.07798551;0.07;3.84E+05
-0.030228607;0.157530129;0.07;8.45E+05
-0.081787735;-0.085823454;0.07;3.50E+05
-0.020309029;-0.164236799;0.07;3.05E+05
-0.00753878;-0.143308356;0.07;3.34E+05
0.082260765;0.086638846;0.07;9.02E+05
0.013972579;-0.149699628;0.07;3.80E+05
0.031904858;0.176036179;0.07;9.59E+05
-0.013082678;0.155009344;0.07;8.74E+05
0.159120739;-0.063979663;0.07;6.33E+05
-0.107251175;-0.094853401;0.07;3.54E+05
-0.047094852;0.138354182;0.07;8.04E+05
-0.094012171;-0.085053064;0.07;3.63E+05
-0.015924471;0.14685607;0.07;8.64E+05
-0.040520567;0.14777106;0.07;8.22E+05
0.102870561;0.086164214;0.07;8.81E+05
-0.161641762;0.045654837;0.07;5.94E+05
0.017022502;-0.137122095;0.07;3.95E+05
-0.014268565;0.137763068;0.07;8.61E+05
-0.009921957;0.146282956;0.07;8.76E+05
0.146692246;0.035202097;0.07;7.65E+05
-0.004703912;0.155419126;0.07;8.91E+05
0.155623376;-0.043476895;0.07;6.56E+05
0.139820963;-0.074379861;0.07;6.11E+05
-0.088204503;-0.067818537;0.07;4.05E+05
-0.043245979;-0.073443972;0.07;4.00E+05
-0.013228516;-0.098155975;0.07;3.81E+05
0.025390105;0.08806739;0.07;8.68E+05
0.145942643;0.020438958;0.07;7.42E+05
-0.0462582;-0.070630349;0.07;4.07E+05
0.00544814;-0.114473656;0.07;3.95E+05
0.147185937;-0.033081621;0.07;6.66E+05
0.143917158;0.011413349;0.07;7.29E+05
0.103459179;0.078623273;0.07;8.63E+05
0.138572946;0.032215152;0.07;7.61E+05
0.141502261;0.025737273;0.07;7.51E+05
0.005331347;0.08731804;0.07;8.27E+05
-0.028049558;0.108530968;0.07;8.02E+05
-0.116110489;-0.057723165;0.07;4.38E+05
-0.119789116;-0.014840608;0.07;5.18E+05
0.00600718;-0.105805673;0.07;4.10E+05
0.099690452;0.063298084;0.07;8.29E+05
-0.089130178;0.074025996;0.07;6.76E+05
-0.082557;0.082219943;0.07;6.93E+05
-0.037079524;-0.063661382;0.07;4.37E+05
-0.141519696;0.044450864;0.07;6.01E+05
0.004578284;-0.096343316;0.07;4.24E+05
0.134879857;0.021161394;0.07;7.43E+05
-0.100866482;-0.07193473;0.07;4.01E+05
-0.041704573;0.095542841;0.07;7.62E+05
-0.018473342;0.102400191;0.07;8.10E+05
-0.099714652;-0.064657286;0.07;4.17E+05
-0.062943369;0.085682064;0.07;7.20E+05
-0.138663158;0.02636056;0.07;5.78E+05
-0.012742775;0.102587797;0.07;8.21E+05
-0.101860359;-0.05016201;0.07;4.51E+05
0.137619168;-0.050403841;0.07;6.39E+05
0.143829778;-0.014364246;0.07;6.91E+05
0.109572604;0.051849932;0.07;8.02E+05
-0.038283616;-0.055247724;0.07;4.59E+05
0.039341144;-0.080929495;0.07;5.08E+05
0.001045602;-0.088739842;0.07;4.32E+05
0.017934261;-0.088460796;0.07;4.63E+05
-0.044547118;0.084482856;0.07;7.41E+05
-0.016701609;0.095822491;0.07;8.02E+05
-0.05795829;0.078021191;0.07;7.14E+05
0.033159845;-0.089233547;0.07;4.85E+05
-0.04183517;-0.046737153;0.07;4.78E+05
0.130197257;-0.05079864;0.07;6.35E+05
0.017923983;0.043709889;0.07;7.41E+05
-0.034044426;-0.042482007;0.07;4.96E+05
0.109493911;0.035243418;0.07;7.68E+05
0.074749149;-0.045406386;0.07;6.05E+05
-0.046623882;-0.038085964;0.07;4.96E+05
0.123032384;-0.053082351;0.07;6.28E+05
0.113076843;-0.047435813;0.07;6.30E+05
-0.047079433;0.073263101;0.07;7.20E+05
-0.034884457;0.081898876;0.07;7.50E+05
-0.027826745;0.082586631;0.07;7.61E+05
0.131058976;-0.012530988;0.07;6.90E+05
-0.097473376;0.021364244;0.07;5.89E+05
-0.017589556;0.081869297;0.07;7.76E+05
-0.015381021;0.07640975;0.07;7.69E+05
0.121723063;0.012471606;0.07;7.28E+05
0.120649159;-0.000711827;0.07;7.05E+05
0.017548926;0.037220944;0.07;7.25E+05
0.110795207;-0.039225332;0.07;6.40E+05
0.084008306;-0.039872207;0.07;6.21E+05
0.036315411;-0.072770134;0.07;5.17E+05
0.01142561;-0.085442551;0.07;4.57E+05
0.043789338;0.042047646;0.07;7.61E+05
-0.026244966;-0.037554279;0.07;5.15E+05
0.063410677;-0.057684697;0.07;5.74E+05
-0.008195193;0.074850954;0.07;7.77E+05
-0.011049773;-0.041831881;0.07;5.21E+05
0.011611192;0.036308825;0.07;7.17E+05
0.128864422;-0.02330856;0.07;6.73E+05
-0.051661219;-0.028334692;0.07;5.16E+05
-0.012907047;-0.03449655;0.07;5.36E+05
0.115300931;0.007829938;0.07;7.18E+05
-0.021870451;0.074044019;0.07;7.55E+05
0.021839541;-0.043061171;0.07;5.56E+05
0.023172174;0.027552225;0.07;7.08E+05
0.083520316;-0.03157131;0.07;6.35E+05
-0.075634025;0.023734346;0.07;6.07E+05
0.059145797;-0.050129529;0.07;5.83E+05
0.007811499;-0.035956882;0.07;5.55E+05
0.111119784;-0.022267824;0.07;6.67E+05
0.107522242;-0.033106726;0.07;6.48E+05
-0.02855642;0.068178549;0.07;7.35E+05
0.00684027;0.031989008;0.07;7.02E+05
0.011292963;0.028464031;0.07;6.99E+05
-0.0907676;0.018732345;0.07;5.88E+05
0.029230628;-0.042295832;0.07;5.66E+05
-0.033331282;-0.019525768;0.07;5.51E+05
0.018605433;0.018825326;0.07;6.84E+05
0.082995728;-0.024840374;0.07;6.46E+05
0.099201202;-0.022642838;0.07;6.60E+05
0.103864998;-0.027882462;0.07;6.54E+05
0.105168939;-0.006169863;0.07;6.91E+05
0.104617998;-0.012891844;0.07;6.79E+05
0.104989938;-0.019151833;0.07;6.69E+05
0.009203768;-0.029743161;0.07;5.70E+05
-0.074949205;0.01683473;0.07;5.95E+05
-0.058800776;0.041874085;0.07;6.53E+05
0.008194922;0.024876434;0.07;6.88E+05
0.026624735;0.007064112;0.07;6.66E+05
-0.025222058;-0.014751893;0.07;5.69E+05
0.036290597;-0.048822831;0.07;5.61E+05
0.011985879;0.015502241;0.07;6.70E+05
0.014127573;0.010088769;0.07;6.61E+05
0.03121162;0.002161611;0.07;6.59E+05
-0.048805811;0.047997985;0.07;6.74E+05
0.041791767;-0.048219506;0.07;5.68E+05
0.005731076;0.011789563;0.07;6.56E+05
0.03646449;-0.00900974;0.07;6.40E+05
-0.033589382;-0.005726862;0.07;5.81E+05
0.015456972;0.004273506;0.07;6.49E+05
0.011239122;0.003547695;0.07;6.44E+05
-0.047455527;0.031483937;0.07;6.45E+05
-0.045242872;0.025949262;0.07;6.36E+05
-0.043521598;0.018449292;0.07;6.23E+05
0.009366155;-0.001057592;0.07;6.32E+05
-0.002165025;0.002501745;0.07;6.28E+05
-0.035879746;0.01515916;0.07;6.23E+05
-0.017904861;0.002109589;0.07;6.12E+05
